component,value,count
density,0,4314
density,0.1,4750
density,0.2,4670
density,0.3,5017
density,0.4,5359
density,0.5,5713
density,0.6,6091
density,0.7,6550
density,0.8,6731
density,0.9,7179
density,1,7109
density,1.1,7403
density,1.2,7424
density,1.3,7327
density,1.4,7407
density,1.5,7366
density,1.6,7386
density,1.7,7363
density,1.8,7199
density,1.9,6961
density,2,6959
density,2.1,6527
density,2.2,6526
density,2.3,6220
density,2.4,6176
density,2.5,5837
density,2.6,5668
density,2.7,5225
density,2.8,5057
density,2.9,4983
density,3,4761
density,3.1,4535
density,3.2,4164
density,3.3,4134
density,3.4,3891
density,3.5,3743
density,3.6,3548
density,3.7,3420
density,3.8,3432
density,3.9,3278
density,4,3092
density,4.1,2811
density,4.2,2924
density,4.3,2726
density,4.4,2658
density,4.5,2581
density,4.6,2381
density,4.7,2337
density,4.8,2277
density,4.9,2320
density,5,2081
density,5.1,2120
density,5.2,1949
density,5.3,1884
density,5.4,1822
density,5.5,1873
density,5.6,1733
density,5.7,1653
density,5.8,1582
density,5.9,1510
density,6,1501
density,6.1,1492
density,6.2,1361
density,6.3,1440
density,6.4,1309
density,6.5,1239
density,6.6,1293
density,6.7,1196
density,6.8,1151
density,6.9,1065
density,7,1060
density,7.1,1109
density,7.2,1042
density,7.3,1014
density,7.4,1012
density,7.5,966
density,7.6,911
density,7.7,892
density,7.8,862
density,7.9,843
density,8,898
density,8.1,821
density,8.2,733
density,8.3,759
density,8.4,732
density,8.5,724
density,8.6,716
density,8.7,675
density,8.8,634
density,8.9,639
density,9,581
density,9.1,638
density,9.2,591
density,9.3,563
density,9.4,552
density,9.5,542
density,9.6,546
density,9.7,526
density,9.8,496
density,9.9,522
density,10,475
density,10.1,453
density,10.2,451
density,10.3,465
density,10.4,461
density,10.5,410
density,10.6,410
density,10.7,401
density,10.8,393
density,10.9,360
density,11,363
density,11.1,373
density,11.2,345
density,11.3,326
density,11.4,323
density,11.5,327
density,11.6,351
density,11.7,270
density,11.8,287
density,11.9,300
density,12,252
density,12.1,281
density,12.2,286
density,12.3,259
density,12.4,275
density,12.5,228
density,12.6,214
density,12.7,245
density,12.8,196
density,12.9,198
density,13,221
density,13.1,205
density,13.2,202
density,13.3,230
density,13.4,212
density,13.5,203
density,13.6,180
density,13.7,188
density,13.8,204
density,13.9,185
density,14,200
density,14.1,181
density,14.2,180
density,14.3,187
density,14.4,204
density,14.5,165
density,14.6,154
density,14.7,172
density,14.8,195
density,14.9,126
density,15,158
density,15.1,139
density,15.2,153
density,15.3,126
density,15.4,127
density,15.5,114
density,15.6,106
density,15.7,128
density,15.8,118
density,15.9,104
density,16,109
density,16.1,122
density,16.2,139
density,16.3,108
density,16.4,133
density,16.5,108
density,16.6,107
density,16.7,88
density,16.8,100
density,16.9,97
density,17,104
density,17.1,86
density,17.2,101
density,17.3,84
density,17.4,82
density,17.5,87
density,17.6,63
density,17.7,86
density,17.8,81
density,17.9,87
density,18,70
density,18.1,66
density,18.2,87
density,18.3,74
density,18.4,105
density,18.5,80
density,18.6,63
density,18.7,54
density,18.8,75
density,18.9,84
density,19,81
density,19.1,59
density,19.2,48
density,19.3,52
density,19.4,75
density,19.5,59
density,19.6,74
density,19.7,49
density,19.8,50
density,19.9,79
density,20,59
density,20.1,76
density,20.2,35
density,20.3,48
density,20.4,52
density,20.5,39
density,20.6,34
density,20.7,62
density,20.8,66
density,20.9,65
density,21,47
density,21.1,34
density,21.2,61
density,21.3,70
density,21.4,64
density,21.5,43
density,21.6,36
density,21.7,37
density,21.8,39
density,21.9,73
density,22,48
density,22.1,46
density,22.2,33
density,22.3,38
density,22.4,29
density,22.5,49
density,22.6,34
density,22.7,37
density,22.8,44
density,22.9,35
density,23,63
density,23.1,45
density,23.2,41
density,23.3,45
density,23.4,29
density,23.5,28
density,23.6,51
density,23.7,36
density,23.8,51
density,23.9,34
density,24,32
density,24.1,21
density,24.2,36
density,24.3,24
density,24.4,21
density,24.5,40
density,24.6,24
density,24.7,32
density,24.8,34
density,24.9,21
density,25,26
density,25.1,35
density,25.2,25
density,25.3,27
density,25.4,27
density,25.5,20
density,25.6,39
density,25.7,42
density,25.8,27
density,25.9,24
density,26,41
density,26.1,24
density,26.2,13
density,26.3,20
density,26.4,33
density,26.5,17
density,26.6,28
density,26.7,36
density,26.8,22
density,26.9,16
density,27,45
density,27.1,19
density,27.2,6
density,27.3,33
density,27.4,9
density,27.5,27
density,27.6,22
density,27.7,6
density,27.8,39
density,27.9,26
density,28,23
density,28.1,23
density,28.2,34
density,28.3,19
density,28.4,33
density,28.5,17
density,28.6,21
density,28.7,18
density,28.8,8
density,28.9,11
density,29,26
density,29.1,15
density,29.2,7
density,29.3,9
density,29.4,10
density,29.5,24
density,29.6,12
density,29.7,20
density,29.8,15
density,29.9,12
density,30,7
density,30.1,18
density,30.2,6
density,30.3,19
density,30.4,43
density,30.5,5
density,30.6,12
density,30.7,13
density,30.8,9
density,30.9,8
density,31,19
density,31.1,11
density,31.2,13
density,31.3,10
density,31.4,8
density,31.5,7
density,31.6,8
density,31.7,17
density,31.8,11
density,31.9,20
density,32,26
density,32.1,17
density,32.2,25
density,32.3,9
density,32.4,16
density,32.5,8
density,32.6,22
density,32.7,19
density,32.8,16
density,32.9,14
density,33,12
density,33.1,18
density,33.2,7
density,33.3,15
density,33.4,17
density,33.5,17
density,33.6,9
density,33.7,3
density,33.8,7
density,33.9,6
density,34,5
density,34.1,13
density,34.2,27
density,34.3,2
density,34.4,11
density,34.5,1
density,34.6,4
density,34.7,9
density,34.8,9
density,34.9,4
density,35,9
density,35.1,13
density,35.2,6
density,35.3,2
density,35.4,2
density,35.5,2
density,35.6,8
density,35.7,17
density,35.8,3
density,35.9,2
density,36,4
density,36.1,5
density,36.3,9
density,36.4,3
density,36.5,6
density,36.6,22
density,36.7,11
density,36.8,7
density,36.9,2
density,37,8
density,37.1,3
density,37.2,19
density,37.3,9
density,37.4,2
density,37.5,5
density,37.6,1
density,37.9,3
density,38,4
density,38.1,4
density,38.3,3
density,38.4,3
density,99.9,1022
geometry,0,42
geometry,0.001,89
geometry,0.002,83
geometry,0.003,94
geometry,0.004,100
geometry,0.005,82
geometry,0.006,119
geometry,0.007,141
geometry,0.008,114
geometry,0.009,117
geometry,0.01,102
geometry,0.011,121
geometry,0.012,126
geometry,0.013,128
geometry,0.014,104
geometry,0.015,136
geometry,0.016,117
geometry,0.017,120
geometry,0.018,148
geometry,0.019,133
geometry,0.02,132
geometry,0.021,156
geometry,0.022,144
geometry,0.023,142
geometry,0.024,158
geometry,0.025,127
geometry,0.026,168
geometry,0.027,168
geometry,0.028,156
geometry,0.029,177
geometry,0.03,180
geometry,0.031,161
geometry,0.032,178
geometry,0.033,167
geometry,0.034,188
geometry,0.035,181
geometry,0.036,188
geometry,0.037,196
geometry,0.038,184
geometry,0.039,183
geometry,0.04,197
geometry,0.041,222
geometry,0.042,209
geometry,0.043,197
geometry,0.044,246
geometry,0.045,225
geometry,0.046,212
geometry,0.047,213
geometry,0.048,212
geometry,0.049,209
geometry,0.05,212
geometry,0.051,242
geometry,0.052,231
geometry,0.053,207
geometry,0.054,242
geometry,0.055,242
geometry,0.056,224
geometry,0.057,253
geometry,0.058,270
geometry,0.059,245
geometry,0.06,240
geometry,0.061,249
geometry,0.062,227
geometry,0.063,278
geometry,0.064,252
geometry,0.065,263
geometry,0.066,210
geometry,0.067,267
geometry,0.068,264
geometry,0.069,277
geometry,0.07,284
geometry,0.071,248
geometry,0.072,250
geometry,0.073,265
geometry,0.074,247
geometry,0.075,270
geometry,0.076,225
geometry,0.077,285
geometry,0.078,247
geometry,0.079,255
geometry,0.08,257
geometry,0.081,262
geometry,0.082,273
geometry,0.083,255
geometry,0.084,250
geometry,0.085,250
geometry,0.086,279
geometry,0.087,242
geometry,0.088,260
geometry,0.089,260
geometry,0.09,259
geometry,0.091,285
geometry,0.092,286
geometry,0.093,287
geometry,0.094,254
geometry,0.095,266
geometry,0.096,244
geometry,0.097,258
geometry,0.098,251
geometry,0.099,249
geometry,0.1,281
geometry,0.101,256
geometry,0.102,308
geometry,0.103,247
geometry,0.104,259
geometry,0.105,249
geometry,0.106,271
geometry,0.107,277
geometry,0.108,267
geometry,0.109,254
geometry,0.11,240
geometry,0.111,273
geometry,0.112,273
geometry,0.113,256
geometry,0.114,271
geometry,0.115,285
geometry,0.116,269
geometry,0.117,260
geometry,0.118,286
geometry,0.119,260
geometry,0.12,257
geometry,0.121,265
geometry,0.122,293
geometry,0.123,299
geometry,0.124,278
geometry,0.125,277
geometry,0.126,266
geometry,0.127,257
geometry,0.128,263
geometry,0.129,253
geometry,0.13,260
geometry,0.131,273
geometry,0.132,257
geometry,0.133,254
geometry,0.134,259
geometry,0.135,292
geometry,0.136,290
geometry,0.137,297
geometry,0.138,276
geometry,0.139,276
geometry,0.14,243
geometry,0.141,270
geometry,0.142,270
geometry,0.143,284
geometry,0.144,279
geometry,0.145,262
geometry,0.146,267
geometry,0.147,284
geometry,0.148,280
geometry,0.149,254
geometry,0.15,246
geometry,0.151,254
geometry,0.152,269
geometry,0.153,246
geometry,0.154,271
geometry,0.155,233
geometry,0.156,246
geometry,0.157,256
geometry,0.158,255
geometry,0.159,253
geometry,0.16,285
geometry,0.161,282
geometry,0.162,255
geometry,0.163,266
geometry,0.164,247
geometry,0.165,282
geometry,0.166,251
geometry,0.167,269
geometry,0.168,260
geometry,0.169,263
geometry,0.17,301
geometry,0.171,279
geometry,0.172,302
geometry,0.173,258
geometry,0.174,258
geometry,0.175,273
geometry,0.176,256
geometry,0.177,292
geometry,0.178,272
geometry,0.179,240
geometry,0.18,267
geometry,0.181,282
geometry,0.182,242
geometry,0.183,257
geometry,0.184,268
geometry,0.185,263
geometry,0.186,273
geometry,0.187,281
geometry,0.188,262
geometry,0.189,259
geometry,0.19,266
geometry,0.191,260
geometry,0.192,271
geometry,0.193,264
geometry,0.194,254
geometry,0.195,278
geometry,0.196,252
geometry,0.197,240
geometry,0.198,280
geometry,0.199,283
geometry,0.2,255
geometry,0.201,261
geometry,0.202,263
geometry,0.203,301
geometry,0.204,281
geometry,0.205,294
geometry,0.206,271
geometry,0.207,280
geometry,0.208,285
geometry,0.209,268
geometry,0.21,263
geometry,0.211,235
geometry,0.212,246
geometry,0.213,252
geometry,0.214,272
geometry,0.215,268
geometry,0.216,254
geometry,0.217,271
geometry,0.218,281
geometry,0.219,253
geometry,0.22,285
geometry,0.221,287
geometry,0.222,282
geometry,0.223,268
geometry,0.224,252
geometry,0.225,293
geometry,0.226,264
geometry,0.227,249
geometry,0.228,267
geometry,0.229,273
geometry,0.23,249
geometry,0.231,259
geometry,0.232,269
geometry,0.233,293
geometry,0.234,265
geometry,0.235,277
geometry,0.236,251
geometry,0.237,263
geometry,0.238,308
geometry,0.239,254
geometry,0.24,253
geometry,0.241,250
geometry,0.242,308
geometry,0.243,242
geometry,0.244,267
geometry,0.245,253
geometry,0.246,265
geometry,0.247,255
geometry,0.248,270
geometry,0.249,256
geometry,0.25,265
geometry,0.251,266
geometry,0.252,270
geometry,0.253,264
geometry,0.254,275
geometry,0.255,261
geometry,0.256,256
geometry,0.257,307
geometry,0.258,262
geometry,0.259,262
geometry,0.26,298
geometry,0.261,274
geometry,0.262,250
geometry,0.263,250
geometry,0.264,256
geometry,0.265,270
geometry,0.266,258
geometry,0.267,275
geometry,0.268,272
geometry,0.269,286
geometry,0.27,257
geometry,0.271,245
geometry,0.272,252
geometry,0.273,287
geometry,0.274,247
geometry,0.275,241
geometry,0.276,291
geometry,0.277,240
geometry,0.278,243
geometry,0.279,273
geometry,0.28,279
geometry,0.281,271
geometry,0.282,278
geometry,0.283,253
geometry,0.284,263
geometry,0.285,259
geometry,0.286,280
geometry,0.287,272
geometry,0.288,272
geometry,0.289,269
geometry,0.29,231
geometry,0.291,281
geometry,0.292,250
geometry,0.293,280
geometry,0.294,273
geometry,0.295,275
geometry,0.296,256
geometry,0.297,267
geometry,0.298,266
geometry,0.299,270
geometry,0.3,270
geometry,0.301,295
geometry,0.302,254
geometry,0.303,278
geometry,0.304,274
geometry,0.305,271
geometry,0.306,233
geometry,0.307,241
geometry,0.308,285
geometry,0.309,282
geometry,0.31,272
geometry,0.311,266
geometry,0.312,254
geometry,0.313,264
geometry,0.314,292
geometry,0.315,277
geometry,0.316,210
geometry,0.317,246
geometry,0.318,283
geometry,0.319,297
geometry,0.32,279
geometry,0.321,277
geometry,0.322,285
geometry,0.323,266
geometry,0.324,258
geometry,0.325,251
geometry,0.326,296
geometry,0.327,255
geometry,0.328,278
geometry,0.329,252
geometry,0.33,263
geometry,0.331,277
geometry,0.332,293
geometry,0.333,260
geometry,0.334,254
geometry,0.335,270
geometry,0.336,257
geometry,0.337,237
geometry,0.338,263
geometry,0.339,277
geometry,0.34,264
geometry,0.341,251
geometry,0.342,259
geometry,0.343,280
geometry,0.344,229
geometry,0.345,268
geometry,0.346,278
geometry,0.347,277
geometry,0.348,290
geometry,0.349,266
geometry,0.35,246
geometry,0.351,245
geometry,0.352,239
geometry,0.353,260
geometry,0.354,279
geometry,0.355,279
geometry,0.356,252
geometry,0.357,254
geometry,0.358,271
geometry,0.359,255
geometry,0.36,257
geometry,0.361,285
geometry,0.362,249
geometry,0.363,306
geometry,0.364,228
geometry,0.365,237
geometry,0.366,254
geometry,0.367,264
geometry,0.368,270
geometry,0.369,254
geometry,0.37,256
geometry,0.371,263
geometry,0.372,240
geometry,0.373,269
geometry,0.374,271
geometry,0.375,247
geometry,0.376,247
geometry,0.377,269
geometry,0.378,253
geometry,0.379,295
geometry,0.38,254
geometry,0.381,268
geometry,0.382,273
geometry,0.383,227
geometry,0.384,279
geometry,0.385,282
geometry,0.386,257
geometry,0.387,246
geometry,0.388,265
geometry,0.389,265
geometry,0.39,245
geometry,0.391,240
geometry,0.392,256
geometry,0.393,240
geometry,0.394,255
geometry,0.395,238
geometry,0.396,236
geometry,0.397,239
geometry,0.398,256
geometry,0.399,247
geometry,0.4,270
geometry,0.401,257
geometry,0.402,255
geometry,0.403,233
geometry,0.404,232
geometry,0.405,255
geometry,0.406,267
geometry,0.407,259
geometry,0.408,245
geometry,0.409,255
geometry,0.41,243
geometry,0.411,227
geometry,0.412,261
geometry,0.413,248
geometry,0.414,232
geometry,0.415,219
geometry,0.416,239
geometry,0.417,267
geometry,0.418,214
geometry,0.419,244
geometry,0.42,257
geometry,0.421,229
geometry,0.422,252
geometry,0.423,241
geometry,0.424,225
geometry,0.425,261
geometry,0.426,229
geometry,0.427,244
geometry,0.428,255
geometry,0.429,243
geometry,0.43,271
geometry,0.431,234
geometry,0.432,256
geometry,0.433,219
geometry,0.434,220
geometry,0.435,238
geometry,0.436,242
geometry,0.437,256
geometry,0.438,249
geometry,0.439,248
geometry,0.44,248
geometry,0.441,246
geometry,0.442,251
geometry,0.443,237
geometry,0.444,246
geometry,0.445,230
geometry,0.446,234
geometry,0.447,240
geometry,0.448,224
geometry,0.449,238
geometry,0.45,228
geometry,0.451,262
geometry,0.452,243
geometry,0.453,245
geometry,0.454,234
geometry,0.455,249
geometry,0.456,223
geometry,0.457,205
geometry,0.458,242
geometry,0.459,228
geometry,0.46,245
geometry,0.461,247
geometry,0.462,227
geometry,0.463,231
geometry,0.464,242
geometry,0.465,259
geometry,0.466,216
geometry,0.467,230
geometry,0.468,219
geometry,0.469,207
geometry,0.47,239
geometry,0.471,238
geometry,0.472,235
geometry,0.473,208
geometry,0.474,216
geometry,0.475,216
geometry,0.476,234
geometry,0.477,195
geometry,0.478,261
geometry,0.479,231
geometry,0.48,256
geometry,0.481,237
geometry,0.482,242
geometry,0.483,214
geometry,0.484,251
geometry,0.485,186
geometry,0.486,208
geometry,0.487,219
geometry,0.488,256
geometry,0.489,253
geometry,0.49,243
geometry,0.491,233
geometry,0.492,233
geometry,0.493,204
geometry,0.494,215
geometry,0.495,219
geometry,0.496,207
geometry,0.497,202
geometry,0.498,250
geometry,0.499,203
geometry,0.5,226
geometry,0.501,249
geometry,0.502,241
geometry,0.503,209
geometry,0.504,229
geometry,0.505,231
geometry,0.506,232
geometry,0.507,218
geometry,0.508,226
geometry,0.509,232
geometry,0.51,219
geometry,0.511,225
geometry,0.512,237
geometry,0.513,234
geometry,0.514,215
geometry,0.515,216
geometry,0.516,205
geometry,0.517,225
geometry,0.518,241
geometry,0.519,207
geometry,0.52,242
geometry,0.521,210
geometry,0.522,218
geometry,0.523,219
geometry,0.524,232
geometry,0.525,224
geometry,0.526,206
geometry,0.527,218
geometry,0.528,244
geometry,0.529,233
geometry,0.53,210
geometry,0.531,218
geometry,0.532,203
geometry,0.533,235
geometry,0.534,233
geometry,0.535,237
geometry,0.536,222
geometry,0.537,219
geometry,0.538,219
geometry,0.539,224
geometry,0.54,227
geometry,0.541,212
geometry,0.542,190
geometry,0.543,200
geometry,0.544,212
geometry,0.545,216
geometry,0.546,208
geometry,0.547,207
geometry,0.548,240
geometry,0.549,225
geometry,0.55,210
geometry,0.551,208
geometry,0.552,202
geometry,0.553,198
geometry,0.554,241
geometry,0.555,210
geometry,0.556,179
geometry,0.557,201
geometry,0.558,192
geometry,0.559,221
geometry,0.56,203
geometry,0.561,196
geometry,0.562,213
geometry,0.563,225
geometry,0.564,189
geometry,0.565,185
geometry,0.566,195
geometry,0.567,210
geometry,0.568,221
geometry,0.569,169
geometry,0.57,201
geometry,0.571,214
geometry,0.572,195
geometry,0.573,211
geometry,0.574,198
geometry,0.575,195
geometry,0.576,182
geometry,0.577,202
geometry,0.578,193
geometry,0.579,197
geometry,0.58,191
geometry,0.581,187
geometry,0.582,215
geometry,0.583,203
geometry,0.584,173
geometry,0.585,215
geometry,0.586,196
geometry,0.587,212
geometry,0.588,217
geometry,0.589,202
geometry,0.59,186
geometry,0.591,187
geometry,0.592,168
geometry,0.593,181
geometry,0.594,194
geometry,0.595,160
geometry,0.596,171
geometry,0.597,193
geometry,0.598,190
geometry,0.599,195
geometry,0.6,205
geometry,0.601,169
geometry,0.602,162
geometry,0.603,176
geometry,0.604,200
geometry,0.605,160
geometry,0.606,175
geometry,0.607,189
geometry,0.608,181
geometry,0.609,195
geometry,0.61,174
geometry,0.611,199
geometry,0.612,184
geometry,0.613,202
geometry,0.614,178
geometry,0.615,187
geometry,0.616,198
geometry,0.617,175
geometry,0.618,162
geometry,0.619,198
geometry,0.62,163
geometry,0.621,173
geometry,0.622,178
geometry,0.623,193
geometry,0.624,178
geometry,0.625,157
geometry,0.626,149
geometry,0.627,175
geometry,0.628,168
geometry,0.629,156
geometry,0.63,175
geometry,0.631,172
geometry,0.632,167
geometry,0.633,165
geometry,0.634,205
geometry,0.635,198
geometry,0.636,164
geometry,0.637,180
geometry,0.638,141
geometry,0.639,182
geometry,0.64,189
geometry,0.641,190
geometry,0.642,169
geometry,0.643,156
geometry,0.644,167
geometry,0.645,184
geometry,0.646,186
geometry,0.647,163
geometry,0.648,174
geometry,0.649,168
geometry,0.65,169
geometry,0.651,165
geometry,0.652,176
geometry,0.653,159
geometry,0.654,180
geometry,0.655,146
geometry,0.656,203
geometry,0.657,185
geometry,0.658,153
geometry,0.659,161
geometry,0.66,168
geometry,0.661,183
geometry,0.662,160
geometry,0.663,145
geometry,0.664,161
geometry,0.665,151
geometry,0.666,169
geometry,0.667,178
geometry,0.668,162
geometry,0.669,150
geometry,0.67,156
geometry,0.671,160
geometry,0.672,177
geometry,0.673,168
geometry,0.674,192
geometry,0.675,165
geometry,0.676,171
geometry,0.677,150
geometry,0.678,148
geometry,0.679,150
geometry,0.68,177
geometry,0.681,134
geometry,0.682,140
geometry,0.683,143
geometry,0.684,171
geometry,0.685,135
geometry,0.686,171
geometry,0.687,143
geometry,0.688,172
geometry,0.689,157
geometry,0.69,147
geometry,0.691,150
geometry,0.692,168
geometry,0.693,140
geometry,0.694,167
geometry,0.695,151
geometry,0.696,161
geometry,0.697,163
geometry,0.698,145
geometry,0.699,138
geometry,0.7,134
geometry,0.701,164
geometry,0.702,116
geometry,0.703,152
geometry,0.704,161
geometry,0.705,161
geometry,0.706,167
geometry,0.707,119
geometry,0.708,137
geometry,0.709,160
geometry,0.71,154
geometry,0.711,130
geometry,0.712,133
geometry,0.713,156
geometry,0.714,151
geometry,0.715,130
geometry,0.716,143
geometry,0.717,141
geometry,0.718,130
geometry,0.719,139
geometry,0.72,130
geometry,0.721,154
geometry,0.722,136
geometry,0.723,157
geometry,0.724,147
geometry,0.725,130
geometry,0.726,132
geometry,0.727,134
geometry,0.728,150
geometry,0.729,142
geometry,0.73,135
geometry,0.731,148
geometry,0.732,164
geometry,0.733,126
geometry,0.734,135
geometry,0.735,124
geometry,0.736,127
geometry,0.737,138
geometry,0.738,129
geometry,0.739,124
geometry,0.74,149
geometry,0.741,161
geometry,0.742,122
geometry,0.743,129
geometry,0.744,126
geometry,0.745,142
geometry,0.746,142
geometry,0.747,136
geometry,0.748,131
geometry,0.749,128
geometry,0.75,117
geometry,0.751,130
geometry,0.752,122
geometry,0.753,163
geometry,0.754,132
geometry,0.755,130
geometry,0.756,143
geometry,0.757,137
geometry,0.758,125
geometry,0.759,116
geometry,0.76,119
geometry,0.761,130
geometry,0.762,138
geometry,0.763,146
geometry,0.764,124
geometry,0.765,128
geometry,0.766,141
geometry,0.767,135
geometry,0.768,132
geometry,0.769,130
geometry,0.77,139
geometry,0.771,142
geometry,0.772,110
geometry,0.773,133
geometry,0.774,139
geometry,0.775,108
geometry,0.776,132
geometry,0.777,120
geometry,0.778,124
geometry,0.779,115
geometry,0.78,108
geometry,0.781,120
geometry,0.782,111
geometry,0.783,131
geometry,0.784,131
geometry,0.785,123
geometry,0.786,137
geometry,0.787,125
geometry,0.788,111
geometry,0.789,118
geometry,0.79,115
geometry,0.791,119
geometry,0.792,117
geometry,0.793,118
geometry,0.794,121
geometry,0.795,107
geometry,0.796,123
geometry,0.797,128
geometry,0.798,123
geometry,0.799,113
geometry,0.8,130
geometry,0.801,122
geometry,0.802,134
geometry,0.803,121
geometry,0.804,127
geometry,0.805,107
geometry,0.806,120
geometry,0.807,111
geometry,0.808,117
geometry,0.809,110
geometry,0.81,124
geometry,0.811,119
geometry,0.812,105
geometry,0.813,126
geometry,0.814,131
geometry,0.815,119
geometry,0.816,117
geometry,0.817,104
geometry,0.818,117
geometry,0.819,116
geometry,0.82,124
geometry,0.821,151
geometry,0.822,122
geometry,0.823,127
geometry,0.824,120
geometry,0.825,125
geometry,0.826,112
geometry,0.827,133
geometry,0.828,107
geometry,0.829,117
geometry,0.83,115
geometry,0.831,115
geometry,0.832,106
geometry,0.833,108
geometry,0.834,106
geometry,0.835,104
geometry,0.836,117
geometry,0.837,118
geometry,0.838,106
geometry,0.839,109
geometry,0.84,115
geometry,0.841,109
geometry,0.842,119
geometry,0.843,132
geometry,0.844,119
geometry,0.845,104
geometry,0.846,92
geometry,0.847,103
geometry,0.848,134
geometry,0.849,111
geometry,0.85,112
geometry,0.851,108
geometry,0.852,104
geometry,0.853,111
geometry,0.854,134
geometry,0.855,120
geometry,0.856,104
geometry,0.857,107
geometry,0.858,91
geometry,0.859,118
geometry,0.86,89
geometry,0.861,109
geometry,0.862,115
geometry,0.863,106
geometry,0.864,108
geometry,0.865,91
geometry,0.866,93
geometry,0.867,123
geometry,0.868,85
geometry,0.869,120
geometry,0.87,97
geometry,0.871,114
geometry,0.872,121
geometry,0.873,123
geometry,0.874,104
geometry,0.875,106
geometry,0.876,96
geometry,0.877,109
geometry,0.878,110
geometry,0.879,113
geometry,0.88,107
geometry,0.881,108
geometry,0.882,124
geometry,0.883,122
geometry,0.884,93
geometry,0.885,106
geometry,0.886,91
geometry,0.887,125
geometry,0.888,107
geometry,0.889,109
geometry,0.89,91
geometry,0.891,92
geometry,0.892,96
geometry,0.893,101
geometry,0.894,101
geometry,0.895,79
geometry,0.896,80
geometry,0.897,99
geometry,0.898,105
geometry,0.899,89
geometry,0.9,99
geometry,0.901,100
geometry,0.902,100
geometry,0.903,100
geometry,0.904,110
geometry,0.905,111
geometry,0.906,96
geometry,0.907,113
geometry,0.908,89
geometry,0.909,104
geometry,0.91,108
geometry,0.911,94
geometry,0.912,101
geometry,0.913,95
geometry,0.914,85
geometry,0.915,91
geometry,0.916,100
geometry,0.917,98
geometry,0.918,107
geometry,0.919,96
geometry,0.92,114
geometry,0.921,93
geometry,0.922,87
geometry,0.923,102
geometry,0.924,102
geometry,0.925,94
geometry,0.926,81
geometry,0.927,92
geometry,0.928,75
geometry,0.929,85
geometry,0.93,89
geometry,0.931,100
geometry,0.932,86
geometry,0.933,91
geometry,0.934,94
geometry,0.935,83
geometry,0.936,94
geometry,0.937,84
geometry,0.938,83
geometry,0.939,80
geometry,0.94,98
geometry,0.941,84
geometry,0.942,82
geometry,0.943,106
geometry,0.944,105
geometry,0.945,90
geometry,0.946,105
geometry,0.947,95
geometry,0.948,79
geometry,0.949,84
geometry,0.95,94
geometry,0.951,90
geometry,0.952,81
geometry,0.953,105
geometry,0.954,97
geometry,0.955,88
geometry,0.956,97
geometry,0.957,85
geometry,0.958,85
geometry,0.959,96
geometry,0.96,116
geometry,0.961,99
geometry,0.962,87
geometry,0.963,85
geometry,0.964,100
geometry,0.965,94
geometry,0.966,88
geometry,0.967,87
geometry,0.968,77
geometry,0.969,88
geometry,0.97,79
geometry,0.971,82
geometry,0.972,86
geometry,0.973,91
geometry,0.974,96
geometry,0.975,88
geometry,0.976,89
geometry,0.977,89
geometry,0.978,95
geometry,0.979,94
geometry,0.98,106
geometry,0.981,75
geometry,0.982,92
geometry,0.983,93
geometry,0.984,84
geometry,0.985,86
geometry,0.986,82
geometry,0.987,83
geometry,0.988,82
geometry,0.989,83
geometry,0.99,92
geometry,0.991,94
geometry,0.992,86
geometry,0.993,75
geometry,0.994,74
geometry,0.995,71
geometry,0.996,93
geometry,0.997,92
geometry,0.998,77
geometry,0.999,84
geometry,1,72
geometry,1.001,72
geometry,1.002,82
geometry,1.003,91
geometry,1.004,87
geometry,1.005,84
geometry,1.006,95
geometry,1.007,85
geometry,1.008,89
geometry,1.009,91
geometry,1.01,91
geometry,1.011,83
geometry,1.012,85
geometry,1.013,85
geometry,1.014,78
geometry,1.015,87
geometry,1.016,73
geometry,1.017,93
geometry,1.018,82
geometry,1.019,91
geometry,1.02,93
geometry,1.021,74
geometry,1.022,89
geometry,1.023,92
geometry,1.024,69
geometry,1.025,85
geometry,1.026,70
geometry,1.027,80
geometry,1.028,70
geometry,1.029,69
geometry,1.03,84
geometry,1.031,82
geometry,1.032,81
geometry,1.033,72
geometry,1.034,84
geometry,1.035,97
geometry,1.036,89
geometry,1.037,94
geometry,1.038,78
geometry,1.039,64
geometry,1.04,88
geometry,1.041,79
geometry,1.042,74
geometry,1.043,95
geometry,1.044,74
geometry,1.045,78
geometry,1.046,64
geometry,1.047,75
geometry,1.048,70
geometry,1.049,93
geometry,1.05,71
geometry,1.051,81
geometry,1.052,64
geometry,1.053,88
geometry,1.054,78
geometry,1.055,62
geometry,1.056,73
geometry,1.057,72
geometry,1.058,76
geometry,1.059,64
geometry,1.06,78
geometry,1.061,64
geometry,1.062,63
geometry,1.063,67
geometry,1.064,84
geometry,1.065,74
geometry,1.066,58
geometry,1.067,75
geometry,1.068,80
geometry,1.069,76
geometry,1.07,63
geometry,1.071,71
geometry,1.072,81
geometry,1.073,62
geometry,1.074,74
geometry,1.075,68
geometry,1.076,73
geometry,1.077,71
geometry,1.078,62
geometry,1.079,62
geometry,1.08,70
geometry,1.081,87
geometry,1.082,89
geometry,1.083,73
geometry,1.084,65
geometry,1.085,61
geometry,1.086,77
geometry,1.087,77
geometry,1.088,75
geometry,1.089,69
geometry,1.09,58
geometry,1.091,80
geometry,1.092,82
geometry,1.093,65
geometry,1.094,60
geometry,1.095,65
geometry,1.096,73
geometry,1.097,85
geometry,1.098,72
geometry,1.099,60
geometry,1.1,80
geometry,1.101,55
geometry,1.102,60
geometry,1.103,55
geometry,1.104,67
geometry,1.105,74
geometry,1.106,72
geometry,1.107,65
geometry,1.108,73
geometry,1.109,81
geometry,1.11,77
geometry,1.111,89
geometry,1.112,68
geometry,1.113,63
geometry,1.114,67
geometry,1.115,59
geometry,1.116,72
geometry,1.117,85
geometry,1.118,69
geometry,1.119,61
geometry,1.12,64
geometry,1.121,70
geometry,1.122,61
geometry,1.123,58
geometry,1.124,73
geometry,1.125,86
geometry,1.126,68
geometry,1.127,81
geometry,1.128,59
geometry,1.129,65
geometry,1.13,54
geometry,1.131,71
geometry,1.132,64
geometry,1.133,59
geometry,1.134,52
geometry,1.135,72
geometry,1.136,63
geometry,1.137,68
geometry,1.138,63
geometry,1.139,67
geometry,1.14,62
geometry,1.141,52
geometry,1.142,70
geometry,1.143,72
geometry,1.144,64
geometry,1.145,74
geometry,1.146,62
geometry,1.147,65
geometry,1.148,64
geometry,1.149,72
geometry,1.15,58
geometry,1.151,78
geometry,1.152,49
geometry,1.153,75
geometry,1.154,66
geometry,1.155,60
geometry,1.156,59
geometry,1.157,64
geometry,1.158,65
geometry,1.159,56
geometry,1.16,61
geometry,1.161,67
geometry,1.162,72
geometry,1.163,62
geometry,1.164,66
geometry,1.165,74
geometry,1.166,78
geometry,1.167,62
geometry,1.168,66
geometry,1.169,72
geometry,1.17,74
geometry,1.171,78
geometry,1.172,59
geometry,1.173,63
geometry,1.174,63
geometry,1.175,85
geometry,1.176,66
geometry,1.177,68
geometry,1.178,66
geometry,1.179,52
geometry,1.18,66
geometry,1.181,50
geometry,1.182,60
geometry,1.183,66
geometry,1.184,69
geometry,1.185,64
geometry,1.186,58
geometry,1.187,64
geometry,1.188,58
geometry,1.189,56
geometry,1.19,61
geometry,1.191,57
geometry,1.192,70
geometry,1.193,62
geometry,1.194,60
geometry,1.195,57
geometry,1.196,61
geometry,1.197,61
geometry,1.198,51
geometry,1.199,49
geometry,1.2,62
geometry,1.201,49
geometry,1.202,50
geometry,1.203,52
geometry,1.204,64
geometry,1.205,59
geometry,1.206,63
geometry,1.207,72
geometry,1.208,60
geometry,1.209,54
geometry,1.21,56
geometry,1.211,54
geometry,1.212,57
geometry,1.213,56
geometry,1.214,74
geometry,1.215,72
geometry,1.216,60
geometry,1.217,73
geometry,1.218,69
geometry,1.219,61
geometry,1.22,52
geometry,1.221,63
geometry,1.222,52
geometry,1.223,70
geometry,1.224,71
geometry,1.225,49
geometry,1.226,52
geometry,1.227,71
geometry,1.228,72
geometry,1.229,58
geometry,1.23,48
geometry,1.231,53
geometry,1.232,66
geometry,1.233,60
geometry,1.234,63
geometry,1.235,56
geometry,1.236,68
geometry,1.237,64
geometry,1.238,54
geometry,1.239,55
geometry,1.24,79
geometry,1.241,57
geometry,1.242,53
geometry,1.243,51
geometry,1.244,70
geometry,1.245,59
geometry,1.246,60
geometry,1.247,62
geometry,1.248,60
geometry,1.249,65
geometry,1.25,54
geometry,1.251,51
geometry,1.252,54
geometry,1.253,59
geometry,1.254,62
geometry,1.255,61
geometry,1.256,60
geometry,1.257,56
geometry,1.258,59
geometry,1.259,58
geometry,1.26,57
geometry,1.261,64
geometry,1.262,52
geometry,1.263,50
geometry,1.264,63
geometry,1.265,56
geometry,1.266,43
geometry,1.267,71
geometry,1.268,56
geometry,1.269,76
geometry,1.27,67
geometry,1.271,56
geometry,1.272,56
geometry,1.273,53
geometry,1.274,59
geometry,1.275,60
geometry,1.276,50
geometry,1.277,70
geometry,1.278,69
geometry,1.279,50
geometry,1.28,63
geometry,1.281,57
geometry,1.282,51
geometry,1.283,62
geometry,1.284,55
geometry,1.285,53
geometry,1.286,53
geometry,1.287,58
geometry,1.288,47
geometry,1.289,50
geometry,1.29,60
geometry,1.291,55
geometry,1.292,58
geometry,1.293,54
geometry,1.294,54
geometry,1.295,48
geometry,1.296,64
geometry,1.297,49
geometry,1.298,55
geometry,1.299,55
geometry,1.3,43
geometry,1.301,57
geometry,1.302,51
geometry,1.303,52
geometry,1.304,68
geometry,1.305,46
geometry,1.306,47
geometry,1.307,51
geometry,1.308,46
geometry,1.309,60
geometry,1.31,55
geometry,1.311,55
geometry,1.312,48
geometry,1.313,52
geometry,1.314,62
geometry,1.315,45
geometry,1.316,49
geometry,1.317,47
geometry,1.318,62
geometry,1.319,45
geometry,1.32,45
geometry,1.321,52
geometry,1.322,44
geometry,1.323,64
geometry,1.324,39
geometry,1.325,50
geometry,1.326,54
geometry,1.327,50
geometry,1.328,56
geometry,1.329,63
geometry,1.33,49
geometry,1.331,48
geometry,1.332,49
geometry,1.333,44
geometry,1.334,48
geometry,1.335,61
geometry,1.336,58
geometry,1.337,53
geometry,1.338,52
geometry,1.339,52
geometry,1.34,52
geometry,1.341,58
geometry,1.342,40
geometry,1.343,51
geometry,1.344,53
geometry,1.345,55
geometry,1.346,42
geometry,1.347,51
geometry,1.348,40
geometry,1.349,51
geometry,1.35,59
geometry,1.351,46
geometry,1.352,51
geometry,1.353,47
geometry,1.354,47
geometry,1.355,51
geometry,1.356,60
geometry,1.357,43
geometry,1.358,55
geometry,1.359,52
geometry,1.36,41
geometry,1.361,46
geometry,1.362,47
geometry,1.363,47
geometry,1.364,38
geometry,1.365,54
geometry,1.366,51
geometry,1.367,59
geometry,1.368,49
geometry,1.369,45
geometry,1.37,47
geometry,1.371,53
geometry,1.372,55
geometry,1.373,48
geometry,1.374,64
geometry,1.375,54
geometry,1.376,45
geometry,1.377,59
geometry,1.378,40
geometry,1.379,58
geometry,1.38,58
geometry,1.381,48
geometry,1.382,50
geometry,1.383,42
geometry,1.384,51
geometry,1.385,40
geometry,1.386,49
geometry,1.387,49
geometry,1.388,75
geometry,1.389,62
geometry,1.39,43
geometry,1.391,60
geometry,1.392,49
geometry,1.393,47
geometry,1.394,42
geometry,1.395,47
geometry,1.396,48
geometry,1.397,67
geometry,1.398,57
geometry,1.399,40
geometry,1.4,46
geometry,1.401,62
geometry,1.402,62
geometry,1.403,42
geometry,1.404,48
geometry,1.405,43
geometry,1.406,43
geometry,1.407,63
geometry,1.408,48
geometry,1.409,45
geometry,1.41,50
geometry,1.411,41
geometry,1.412,53
geometry,1.413,53
geometry,1.414,53
geometry,1.415,40
geometry,1.416,54
geometry,1.417,50
geometry,1.418,45
geometry,1.419,42
geometry,1.42,42
geometry,1.421,38
geometry,1.422,36
geometry,1.423,55
geometry,1.424,49
geometry,1.425,48
geometry,1.426,58
geometry,1.427,55
geometry,1.428,45
geometry,1.429,30
geometry,1.43,55
geometry,1.431,52
geometry,1.432,40
geometry,1.433,44
geometry,1.434,40
geometry,1.435,32
geometry,1.436,49
geometry,1.437,48
geometry,1.438,46
geometry,1.439,47
geometry,1.44,54
geometry,1.441,49
geometry,1.442,53
geometry,1.443,54
geometry,1.444,48
geometry,1.445,44
geometry,1.446,52
geometry,1.447,47
geometry,1.448,39
geometry,1.449,47
geometry,1.45,51
geometry,1.451,47
geometry,1.452,52
geometry,1.453,40
geometry,1.454,44
geometry,1.455,45
geometry,1.456,46
geometry,1.457,40
geometry,1.458,48
geometry,1.459,39
geometry,1.46,36
geometry,1.461,34
geometry,1.462,44
geometry,1.463,53
geometry,1.464,50
geometry,1.465,39
geometry,1.466,46
geometry,1.467,46
geometry,1.468,35
geometry,1.469,40
geometry,1.47,48
geometry,1.471,44
geometry,1.472,42
geometry,1.473,48
geometry,1.474,35
geometry,1.475,41
geometry,1.476,42
geometry,1.477,40
geometry,1.478,46
geometry,1.479,42
geometry,1.48,54
geometry,1.481,49
geometry,1.482,36
geometry,1.483,35
geometry,1.484,58
geometry,1.485,40
geometry,1.486,38
geometry,1.487,38
geometry,1.488,46
geometry,1.489,36
geometry,1.49,50
geometry,1.491,48
geometry,1.492,45
geometry,1.493,41
geometry,1.494,46
geometry,1.495,40
geometry,1.496,54
geometry,1.497,43
geometry,1.498,28
geometry,1.499,41
geometry,1.5,43
geometry,1.501,42
geometry,1.502,46
geometry,1.503,34
geometry,1.504,42
geometry,1.505,49
geometry,1.506,35
geometry,1.507,60
geometry,1.508,39
geometry,1.509,41
geometry,1.51,40
geometry,1.511,37
geometry,1.512,41
geometry,1.513,42
geometry,1.514,45
geometry,1.515,33
geometry,1.516,35
geometry,1.517,42
geometry,1.518,33
geometry,1.519,49
geometry,1.52,54
geometry,1.521,41
geometry,1.522,47
geometry,1.523,46
geometry,1.524,33
geometry,1.525,46
geometry,1.526,48
geometry,1.527,44
geometry,1.528,40
geometry,1.529,34
geometry,1.53,34
geometry,1.531,41
geometry,1.532,45
geometry,1.533,39
geometry,1.534,38
geometry,1.535,45
geometry,1.536,43
geometry,1.537,32
geometry,1.538,44
geometry,1.539,42
geometry,1.54,39
geometry,1.541,40
geometry,1.542,44
geometry,1.543,48
geometry,1.544,39
geometry,1.545,41
geometry,1.546,36
geometry,1.547,35
geometry,1.548,41
geometry,1.549,47
geometry,1.55,31
geometry,1.551,49
geometry,1.552,37
geometry,1.553,39
geometry,1.554,42
geometry,1.555,38
geometry,1.556,41
geometry,1.557,46
geometry,1.558,44
geometry,1.559,37
geometry,1.56,43
geometry,1.561,38
geometry,1.562,40
geometry,1.563,41
geometry,1.564,31
geometry,1.565,25
geometry,1.566,34
geometry,1.567,37
geometry,1.568,39
geometry,1.569,48
geometry,1.57,37
geometry,1.571,37
geometry,1.572,40
geometry,1.573,38
geometry,1.574,39
geometry,1.575,47
geometry,1.576,40
geometry,1.577,46
geometry,1.578,48
geometry,1.579,41
geometry,1.58,46
geometry,1.581,42
geometry,1.582,44
geometry,1.583,50
geometry,1.584,28
geometry,1.585,30
geometry,1.586,33
geometry,1.587,31
geometry,1.588,36
geometry,1.589,39
geometry,1.59,37
geometry,1.591,25
geometry,1.592,31
geometry,1.593,43
geometry,1.594,40
geometry,1.595,31
geometry,1.596,35
geometry,1.597,42
geometry,1.598,36
geometry,1.599,38
geometry,1.6,36
geometry,1.601,42
geometry,1.602,22
geometry,1.603,41
geometry,1.604,40
geometry,1.605,32
geometry,1.606,40
geometry,1.607,36
geometry,1.608,36
geometry,1.609,42
geometry,1.61,33
geometry,1.611,41
geometry,1.612,24
geometry,1.613,39
geometry,1.614,36
geometry,1.615,41
geometry,1.616,49
geometry,1.617,35
geometry,1.618,42
geometry,1.619,36
geometry,1.62,41
geometry,1.621,36
geometry,1.622,39
geometry,1.623,34
geometry,1.624,36
geometry,1.625,47
geometry,1.626,45
geometry,1.627,46
geometry,1.628,38
geometry,1.629,57
geometry,1.63,47
geometry,1.631,33
geometry,1.632,39
geometry,1.633,36
geometry,1.634,49
geometry,1.635,36
geometry,1.636,40
geometry,1.637,52
geometry,1.638,40
geometry,1.639,28
geometry,1.64,28
geometry,1.641,35
geometry,1.642,34
geometry,1.643,40
geometry,1.644,43
geometry,1.645,30
geometry,1.646,37
geometry,1.647,35
geometry,1.648,24
geometry,1.649,35
geometry,1.65,38
geometry,1.651,33
geometry,1.652,30
geometry,1.653,43
geometry,1.654,25
geometry,1.655,30
geometry,1.656,31
geometry,1.657,29
geometry,1.658,37
geometry,1.659,36
geometry,1.66,29
geometry,1.661,42
geometry,1.662,31
geometry,1.663,31
geometry,1.664,47
geometry,1.665,37
geometry,1.666,43
geometry,1.667,34
geometry,1.668,40
geometry,1.669,46
geometry,1.67,32
geometry,1.671,36
geometry,1.672,28
geometry,1.673,33
geometry,1.674,28
geometry,1.675,45
geometry,1.676,37
geometry,1.677,53
geometry,1.678,37
geometry,1.679,34
geometry,1.68,34
geometry,1.681,33
geometry,1.682,34
geometry,1.683,35
geometry,1.684,38
geometry,1.685,26
geometry,1.686,36
geometry,1.687,38
geometry,1.688,30
geometry,1.689,41
geometry,1.69,33
geometry,1.691,36
geometry,1.692,32
geometry,1.693,27
geometry,1.694,31
geometry,1.695,31
geometry,1.696,38
geometry,1.697,43
geometry,1.698,41
geometry,1.699,42
geometry,1.7,35
geometry,1.701,39
geometry,1.702,32
geometry,1.703,35
geometry,1.704,25
geometry,1.705,34
geometry,1.706,35
geometry,1.707,44
geometry,1.708,42
geometry,1.709,27
geometry,1.71,31
geometry,1.711,30
geometry,1.712,38
geometry,1.713,38
geometry,1.714,37
geometry,1.715,31
geometry,1.716,36
geometry,1.717,37
geometry,1.718,35
geometry,1.719,30
geometry,1.72,31
geometry,1.721,35
geometry,1.722,29
geometry,1.723,34
geometry,1.724,33
geometry,1.725,34
geometry,1.726,32
geometry,1.727,28
geometry,1.728,36
geometry,1.729,29
geometry,1.73,35
geometry,1.731,36
geometry,1.732,41
geometry,1.733,29
geometry,1.734,31
geometry,1.735,46
geometry,1.736,30
geometry,1.737,36
geometry,1.738,36
geometry,1.739,32
geometry,1.74,37
geometry,1.741,27
geometry,1.742,33
geometry,1.743,26
geometry,1.744,30
geometry,1.745,30
geometry,1.746,45
geometry,1.747,26
geometry,1.748,38
geometry,1.749,26
geometry,1.75,38
geometry,1.751,31
geometry,1.752,36
geometry,1.753,40
geometry,1.754,25
geometry,1.755,35
geometry,1.756,26
geometry,1.757,37
geometry,1.758,28
geometry,1.759,28
geometry,1.76,29
geometry,1.761,31
geometry,1.762,33
geometry,1.763,25
geometry,1.764,33
geometry,1.765,36
geometry,1.766,34
geometry,1.767,34
geometry,1.768,40
geometry,1.769,32
geometry,1.77,29
geometry,1.771,27
geometry,1.772,41
geometry,1.773,27
geometry,1.774,33
geometry,1.775,20
geometry,1.776,35
geometry,1.777,29
geometry,1.778,34
geometry,1.779,22
geometry,1.78,41
geometry,1.781,37
geometry,1.782,34
geometry,1.783,32
geometry,1.784,29
geometry,1.785,37
geometry,1.786,40
geometry,1.787,31
geometry,1.788,31
geometry,1.789,25
geometry,1.79,28
geometry,1.791,26
geometry,1.792,33
geometry,1.793,28
geometry,1.794,30
geometry,1.795,35
geometry,1.796,18
geometry,1.797,46
geometry,1.798,41
geometry,1.799,38
geometry,1.8,32
geometry,1.801,36
geometry,1.802,29
geometry,1.803,31
geometry,1.804,33
geometry,1.805,29
geometry,1.806,29
geometry,1.807,32
geometry,1.808,20
geometry,1.809,43
geometry,1.81,25
geometry,1.811,40
geometry,1.812,32
geometry,1.813,33
geometry,1.814,31
geometry,1.815,26
geometry,1.816,29
geometry,1.817,34
geometry,1.818,28
geometry,1.819,31
geometry,1.82,33
geometry,1.821,24
geometry,1.822,28
geometry,1.823,32
geometry,1.824,20
geometry,1.825,35
geometry,1.826,29
geometry,1.827,30
geometry,1.828,27
geometry,1.829,27
geometry,1.83,32
geometry,1.831,25
geometry,1.832,30
geometry,1.833,31
geometry,1.834,33
geometry,1.835,31
geometry,1.836,36
geometry,1.837,23
geometry,1.838,29
geometry,1.839,28
geometry,1.84,24
geometry,1.841,34
geometry,1.842,26
geometry,1.843,28
geometry,1.844,30
geometry,1.845,41
geometry,1.846,23
geometry,1.847,35
geometry,1.848,27
geometry,1.849,21
geometry,1.85,31
geometry,1.851,30
geometry,1.852,23
geometry,1.853,25
geometry,1.854,36
geometry,1.855,28
geometry,1.856,23
geometry,1.857,29
geometry,1.858,33
geometry,1.859,31
geometry,1.86,29
geometry,1.861,31
geometry,1.862,27
geometry,1.863,31
geometry,1.864,28
geometry,1.865,39
geometry,1.866,32
geometry,1.867,33
geometry,1.868,31
geometry,1.869,25
geometry,1.87,32
geometry,1.871,37
geometry,1.872,23
geometry,1.873,25
geometry,1.874,27
geometry,1.875,31
geometry,1.876,35
geometry,1.877,30
geometry,1.878,34
geometry,1.879,25
geometry,1.88,25
geometry,1.881,35
geometry,1.882,23
geometry,1.883,35
geometry,1.884,38
geometry,1.885,30
geometry,1.886,27
geometry,1.887,24
geometry,1.888,22
geometry,1.889,26
geometry,1.89,30
geometry,1.891,20
geometry,1.892,27
geometry,1.893,36
geometry,1.894,38
geometry,1.895,31
geometry,1.896,23
geometry,1.897,26
geometry,1.898,26
geometry,1.899,26
geometry,1.9,21
geometry,1.901,28
geometry,1.902,20
geometry,1.903,30
geometry,1.904,23
geometry,1.905,16
geometry,1.906,26
geometry,1.907,29
geometry,1.908,18
geometry,1.909,27
geometry,1.91,33
geometry,1.911,26
geometry,1.912,33
geometry,1.913,29
geometry,1.914,25
geometry,1.915,24
geometry,1.916,27
geometry,1.917,34
geometry,1.918,35
geometry,1.919,24
geometry,1.92,40
geometry,1.921,31
geometry,1.922,24
geometry,1.923,30
geometry,1.924,20
geometry,1.925,23
geometry,1.926,30
geometry,1.927,29
geometry,1.928,25
geometry,1.929,32
geometry,1.93,25
geometry,1.931,31
geometry,1.932,28
geometry,1.933,36
geometry,1.934,41
geometry,1.935,26
geometry,1.936,25
geometry,1.937,26
geometry,1.938,35
geometry,1.939,22
geometry,1.94,23
geometry,1.941,28
geometry,1.942,21
geometry,1.943,23
geometry,1.944,30
geometry,1.945,35
geometry,1.946,31
geometry,1.947,23
geometry,1.948,28
geometry,1.949,29
geometry,1.95,27
geometry,1.951,30
geometry,1.952,27
geometry,1.953,27
geometry,1.954,34
geometry,1.955,38
geometry,1.956,28
geometry,1.957,31
geometry,1.958,32
geometry,1.959,34
geometry,1.96,27
geometry,1.961,34
geometry,1.962,29
geometry,1.963,20
geometry,1.964,23
geometry,1.965,32
geometry,1.966,22
geometry,1.967,31
geometry,1.968,23
geometry,1.969,23
geometry,1.97,30
geometry,1.971,26
geometry,1.972,24
geometry,1.973,28
geometry,1.974,35
geometry,1.975,32
geometry,1.976,17
geometry,1.977,26
geometry,1.978,19
geometry,1.979,24
geometry,1.98,30
geometry,1.981,25
geometry,1.982,41
geometry,1.983,18
geometry,1.984,27
geometry,1.985,35
geometry,1.986,23
geometry,1.987,24
geometry,1.988,28
geometry,1.989,38
geometry,1.99,21
geometry,1.991,23
geometry,1.992,31
geometry,1.993,22
geometry,1.994,29
geometry,1.995,20
geometry,1.996,31
geometry,1.997,18
geometry,1.998,34
geometry,1.999,34
geometry,2,31
geometry,2.001,22
geometry,2.002,25
geometry,2.003,26
geometry,2.004,30
geometry,2.005,35
geometry,2.006,28
geometry,2.007,26
geometry,2.008,23
geometry,2.009,24
geometry,2.01,30
geometry,2.011,39
geometry,2.012,24
geometry,2.013,27
geometry,2.014,26
geometry,2.015,28
geometry,2.016,29
geometry,2.017,32
geometry,2.018,16
geometry,2.019,22
geometry,2.02,21
geometry,2.021,26
geometry,2.022,31
geometry,2.023,19
geometry,2.024,16
geometry,2.025,22
geometry,2.026,20
geometry,2.027,23
geometry,2.028,19
geometry,2.029,29
geometry,2.03,22
geometry,2.031,22
geometry,2.032,30
geometry,2.033,24
geometry,2.034,20
geometry,2.035,31
geometry,2.036,24
geometry,2.037,22
geometry,2.038,36
geometry,2.039,23
geometry,2.04,19
geometry,2.041,24
geometry,2.042,23
geometry,2.043,18
geometry,2.044,28
geometry,2.045,23
geometry,2.046,25
geometry,2.047,25
geometry,2.048,14
geometry,2.049,24
geometry,2.05,22
geometry,2.051,24
geometry,2.052,23
geometry,2.053,31
geometry,2.054,30
geometry,2.055,30
geometry,2.056,25
geometry,2.057,18
geometry,2.058,31
geometry,2.059,23
geometry,2.06,21
geometry,2.061,22
geometry,2.062,27
geometry,2.063,23
geometry,2.064,26
geometry,2.065,33
geometry,2.066,21
geometry,2.067,17
geometry,2.068,18
geometry,2.069,27
geometry,2.07,27
geometry,2.071,24
geometry,2.072,37
geometry,2.073,25
geometry,2.074,19
geometry,2.075,21
geometry,2.076,30
geometry,2.077,21
geometry,2.078,19
geometry,2.079,16
geometry,2.08,29
geometry,2.081,23
geometry,2.082,24
geometry,2.083,24
geometry,2.084,26
geometry,2.085,29
geometry,2.086,26
geometry,2.087,21
geometry,2.088,16
geometry,2.089,26
geometry,2.09,24
geometry,2.091,30
geometry,2.092,17
geometry,2.093,32
geometry,2.094,25
geometry,2.095,23
geometry,2.096,21
geometry,2.097,22
geometry,2.098,18
geometry,2.099,29
geometry,2.1,24
geometry,2.101,16
geometry,2.102,18
geometry,2.103,21
geometry,2.104,32
geometry,2.105,12
geometry,2.106,18
geometry,2.107,15
geometry,2.108,21
geometry,2.109,22
geometry,2.11,18
geometry,2.111,18
geometry,2.112,27
geometry,2.113,25
geometry,2.114,20
geometry,2.115,26
geometry,2.116,30
geometry,2.117,18
geometry,2.118,25
geometry,2.119,23
geometry,2.12,21
geometry,2.121,33
geometry,2.122,20
geometry,2.123,24
geometry,2.124,18
geometry,2.125,19
geometry,2.126,16
geometry,2.127,27
geometry,2.128,32
geometry,2.129,28
geometry,2.13,21
geometry,2.131,24
geometry,2.132,20
geometry,2.133,22
geometry,2.134,28
geometry,2.135,34
geometry,2.136,23
geometry,2.137,21
geometry,2.138,25
geometry,2.139,26
geometry,2.14,23
geometry,2.141,17
geometry,2.142,28
geometry,2.143,19
geometry,2.144,21
geometry,2.145,27
geometry,2.146,28
geometry,2.147,29
geometry,2.148,21
geometry,2.149,24
geometry,2.15,23
geometry,2.151,24
geometry,2.152,26
geometry,2.153,23
geometry,2.154,28
geometry,2.155,28
geometry,2.156,22
geometry,2.157,14
geometry,2.158,19
geometry,2.159,17
geometry,2.16,20
geometry,2.161,20
geometry,2.162,19
geometry,2.163,30
geometry,2.164,20
geometry,2.165,24
geometry,2.166,15
geometry,2.167,26
geometry,2.168,21
geometry,2.169,20
geometry,2.17,21
geometry,2.171,24
geometry,2.172,12
geometry,2.173,12
geometry,2.174,21
geometry,2.175,17
geometry,2.176,25
geometry,2.177,21
geometry,2.178,27
geometry,2.179,17
geometry,2.18,22
geometry,2.181,20
geometry,2.182,19
geometry,2.183,20
geometry,2.184,25
geometry,2.185,14
geometry,2.186,23
geometry,2.187,19
geometry,2.188,17
geometry,2.189,20
geometry,2.19,24
geometry,2.191,21
geometry,2.192,11
geometry,2.193,17
geometry,2.194,23
geometry,2.195,20
geometry,2.196,22
geometry,2.197,15
geometry,2.198,21
geometry,2.199,23
geometry,2.2,25
geometry,2.201,22
geometry,2.202,24
geometry,2.203,17
geometry,2.204,22
geometry,2.205,16
geometry,2.206,23
geometry,2.207,16
geometry,2.208,19
geometry,2.209,17
geometry,2.21,13
geometry,2.211,26
geometry,2.212,20
geometry,2.213,13
geometry,2.214,21
geometry,2.215,20
geometry,2.216,33
geometry,2.217,17
geometry,2.218,22
geometry,2.219,24
geometry,2.22,21
geometry,2.221,23
geometry,2.222,21
geometry,2.223,24
geometry,2.224,32
geometry,2.225,20
geometry,2.226,19
geometry,2.227,25
geometry,2.228,27
geometry,2.229,26
geometry,2.23,28
geometry,2.231,17
geometry,2.232,28
geometry,2.233,29
geometry,2.234,28
geometry,2.235,24
geometry,2.236,19
geometry,2.237,26
geometry,2.238,19
geometry,2.239,20
geometry,2.24,18
geometry,2.241,20
geometry,2.242,24
geometry,2.243,16
geometry,2.244,22
geometry,2.245,15
geometry,2.246,25
geometry,2.247,25
geometry,2.248,16
geometry,2.249,20
geometry,2.25,20
geometry,2.251,23
geometry,2.252,16
geometry,2.253,11
geometry,2.254,20
geometry,2.255,21
geometry,2.256,21
geometry,2.257,19
geometry,2.258,17
geometry,2.259,21
geometry,2.26,15
geometry,2.261,23
geometry,2.262,28
geometry,2.263,21
geometry,2.264,18
geometry,2.265,17
geometry,2.266,13
geometry,2.267,22
geometry,2.268,30
geometry,2.269,22
geometry,2.27,16
geometry,2.271,20
geometry,2.272,21
geometry,2.273,21
geometry,2.274,29
geometry,2.275,16
geometry,2.276,19
geometry,2.277,29
geometry,2.278,19
geometry,2.279,20
geometry,2.28,19
geometry,2.281,15
geometry,2.282,20
geometry,2.283,21
geometry,2.284,22
geometry,2.285,17
geometry,2.286,13
geometry,2.287,27
geometry,2.288,22
geometry,2.289,28
geometry,2.29,17
geometry,2.291,15
geometry,2.292,29
geometry,2.293,15
geometry,2.294,18
geometry,2.295,15
geometry,2.296,12
geometry,2.297,20
geometry,2.298,23
geometry,2.299,19
geometry,2.3,23
geometry,2.301,27
geometry,2.302,17
geometry,2.303,33
geometry,2.304,23
geometry,2.305,11
geometry,2.306,19
geometry,2.307,11
geometry,2.308,16
geometry,2.309,23
geometry,2.31,19
geometry,2.311,15
geometry,2.312,14
geometry,2.313,13
geometry,2.314,13
geometry,2.315,25
geometry,2.316,25
geometry,2.317,18
geometry,2.318,22
geometry,2.319,22
geometry,2.32,24
geometry,2.321,19
geometry,2.322,28
geometry,2.323,18
geometry,2.324,20
geometry,2.325,18
geometry,2.326,20
geometry,2.327,21
geometry,2.328,23
geometry,2.329,20
geometry,2.33,19
geometry,2.331,14
geometry,2.332,17
geometry,2.333,20
geometry,2.334,10
geometry,2.335,21
geometry,2.336,24
geometry,2.337,17
geometry,2.338,13
geometry,2.339,14
geometry,2.34,21
geometry,2.341,20
geometry,2.342,27
geometry,2.343,18
geometry,2.344,18
geometry,2.345,23
geometry,2.346,19
geometry,2.347,19
geometry,2.348,17
geometry,2.349,19
geometry,2.35,17
geometry,2.351,22
geometry,2.352,17
geometry,2.353,22
geometry,2.354,26
geometry,2.355,18
geometry,2.356,18
geometry,2.357,23
geometry,2.358,10
geometry,2.359,20
geometry,2.36,13
geometry,2.361,19
geometry,2.362,15
geometry,2.363,14
geometry,2.364,18
geometry,2.365,23
geometry,2.366,20
geometry,2.367,20
geometry,2.368,16
geometry,2.369,15
geometry,2.37,14
geometry,2.371,19
geometry,2.372,14
geometry,2.373,24
geometry,2.374,18
geometry,2.375,23
geometry,2.376,20
geometry,2.377,25
geometry,2.378,17
geometry,2.379,25
geometry,2.38,30
geometry,2.381,27
geometry,2.382,17
geometry,2.383,18
geometry,2.384,15
geometry,2.385,20
geometry,2.386,23
geometry,2.387,13
geometry,2.388,21
geometry,2.389,21
geometry,2.39,20
geometry,2.391,12
geometry,2.392,27
geometry,2.393,18
geometry,2.394,18
geometry,2.395,12
geometry,2.396,22
geometry,2.397,23
geometry,2.398,16
geometry,2.399,22
geometry,2.4,18
geometry,2.401,11
geometry,2.402,23
geometry,2.403,24
geometry,2.404,17
geometry,2.405,20
geometry,2.406,17
geometry,2.407,20
geometry,2.408,18
geometry,2.409,17
geometry,2.41,22
geometry,2.411,25
geometry,2.412,12
geometry,2.413,21
geometry,2.414,21
geometry,2.415,20
geometry,2.416,18
geometry,2.417,16
geometry,2.418,24
geometry,2.419,19
geometry,2.42,13
geometry,2.421,27
geometry,2.422,22
geometry,2.423,11
geometry,2.424,21
geometry,2.425,20
geometry,2.426,19
geometry,2.427,10
geometry,2.428,19
geometry,2.429,21
geometry,2.43,22
geometry,2.431,17
geometry,2.432,14
geometry,2.433,18
geometry,2.434,12
geometry,2.435,14
geometry,2.436,12
geometry,2.437,19
geometry,2.438,22
geometry,2.439,22
geometry,2.44,14
geometry,2.441,13
geometry,2.442,21
geometry,2.443,24
geometry,2.444,14
geometry,2.445,14
geometry,2.446,18
geometry,2.447,14
geometry,2.448,17
geometry,2.449,15
geometry,2.45,12
geometry,2.451,14
geometry,2.452,16
geometry,2.453,12
geometry,2.454,13
geometry,2.455,18
geometry,2.456,13
geometry,2.457,14
geometry,2.458,23
geometry,2.459,22
geometry,2.46,15
geometry,2.461,17
geometry,2.462,18
geometry,2.463,15
geometry,2.464,17
geometry,2.465,18
geometry,2.466,24
geometry,2.467,20
geometry,2.468,20
geometry,2.469,8
geometry,2.47,19
geometry,2.471,23
geometry,2.472,20
geometry,2.473,26
geometry,2.474,17
geometry,2.475,17
geometry,2.476,22
geometry,2.477,23
geometry,2.478,14
geometry,2.479,11
geometry,2.48,16
geometry,2.481,21
geometry,2.482,20
geometry,2.483,25
geometry,2.484,11
geometry,2.485,21
geometry,2.486,23
geometry,2.487,19
geometry,2.488,16
geometry,2.489,14
geometry,2.49,11
geometry,2.491,20
geometry,2.492,11
geometry,2.493,21
geometry,2.494,21
geometry,2.495,15
geometry,2.496,19
geometry,2.497,16
geometry,2.498,17
geometry,2.499,13
geometry,2.5,17
geometry,2.501,19
geometry,2.502,21
geometry,2.503,13
geometry,2.504,16
geometry,2.505,17
geometry,2.506,11
geometry,2.507,17
geometry,2.508,16
geometry,2.509,18
geometry,2.51,24
geometry,2.511,20
geometry,2.512,20
geometry,2.513,13
geometry,2.514,19
geometry,2.515,17
geometry,2.516,17
geometry,2.517,12
geometry,2.518,14
geometry,2.519,11
geometry,2.52,17
geometry,2.521,20
geometry,2.522,15
geometry,2.523,9
geometry,2.524,20
geometry,2.525,17
geometry,2.526,18
geometry,2.527,14
geometry,2.528,24
geometry,2.529,24
geometry,2.53,11
geometry,2.531,18
geometry,2.532,22
geometry,2.533,21
geometry,2.534,18
geometry,2.535,19
geometry,2.536,12
geometry,2.537,15
geometry,2.538,17
geometry,2.539,17
geometry,2.54,14
geometry,2.541,10
geometry,2.542,24
geometry,2.543,19
geometry,2.544,11
geometry,2.545,21
geometry,2.546,20
geometry,2.547,15
geometry,2.548,17
geometry,2.549,22
geometry,2.55,18
geometry,2.551,22
geometry,2.552,19
geometry,2.553,20
geometry,2.554,17
geometry,2.555,26
geometry,2.556,20
geometry,2.557,16
geometry,2.558,20
geometry,2.559,10
geometry,2.56,17
geometry,2.561,11
geometry,2.562,18
geometry,2.563,14
geometry,2.564,16
geometry,2.565,11
geometry,2.566,16
geometry,2.567,7
geometry,2.568,18
geometry,2.569,17
geometry,2.57,18
geometry,2.571,9
geometry,2.572,9
geometry,2.573,19
geometry,2.574,16
geometry,2.575,11
geometry,2.576,11
geometry,2.577,17
geometry,2.578,21
geometry,2.579,9
geometry,2.58,11
geometry,2.581,16
geometry,2.582,12
geometry,2.583,9
geometry,2.584,17
geometry,2.585,20
geometry,2.586,16
geometry,2.587,14
geometry,2.588,25
geometry,2.589,12
geometry,2.59,14
geometry,2.591,10
geometry,2.592,23
geometry,2.593,13
geometry,2.594,16
geometry,2.595,22
geometry,2.596,22
geometry,2.597,17
geometry,2.598,17
geometry,2.599,24
geometry,2.6,20
geometry,2.601,12
geometry,2.602,9
geometry,2.603,14
geometry,2.604,16
geometry,2.605,12
geometry,2.606,14
geometry,2.607,17
geometry,2.608,13
geometry,2.609,14
geometry,2.61,11
geometry,2.611,16
geometry,2.612,7
geometry,2.613,10
geometry,2.614,19
geometry,2.615,9
geometry,2.616,17
geometry,2.617,16
geometry,2.618,12
geometry,2.619,12
geometry,2.62,21
geometry,2.621,13
geometry,2.622,8
geometry,2.623,18
geometry,2.624,21
geometry,2.625,11
geometry,2.626,16
geometry,2.627,11
geometry,2.628,20
geometry,2.629,16
geometry,2.63,8
geometry,2.631,12
geometry,2.632,14
geometry,2.633,10
geometry,2.634,13
geometry,2.635,20
geometry,2.636,17
geometry,2.637,14
geometry,2.638,19
geometry,2.639,14
geometry,2.64,20
geometry,2.641,16
geometry,2.642,19
geometry,2.643,12
geometry,2.644,10
geometry,2.645,9
geometry,2.646,13
geometry,2.647,19
geometry,2.648,13
geometry,2.649,11
geometry,2.65,12
geometry,2.651,14
geometry,2.652,20
geometry,2.653,15
geometry,2.654,18
geometry,2.655,12
geometry,2.656,20
geometry,2.657,13
geometry,2.658,13
geometry,2.659,13
geometry,2.66,18
geometry,2.661,15
geometry,2.662,19
geometry,2.663,8
geometry,2.664,18
geometry,2.665,13
geometry,2.666,10
geometry,2.667,14
geometry,2.668,18
geometry,2.669,17
geometry,2.67,21
geometry,2.671,22
geometry,2.672,16
geometry,2.673,10
geometry,2.674,14
geometry,2.675,16
geometry,2.676,14
geometry,2.677,16
geometry,2.678,17
geometry,2.679,12
geometry,2.68,15
geometry,2.681,14
geometry,2.682,19
geometry,2.683,18
geometry,2.684,13
geometry,2.685,11
geometry,2.686,13
geometry,2.687,9
geometry,2.688,18
geometry,2.689,13
geometry,2.69,14
geometry,2.691,15
geometry,2.692,17
geometry,2.693,7
geometry,2.694,17
geometry,2.695,15
geometry,2.696,14
geometry,2.697,10
geometry,2.698,13
geometry,2.699,17
geometry,2.7,14
geometry,2.701,9
geometry,2.702,19
geometry,2.703,9
geometry,2.704,8
geometry,2.705,17
geometry,2.706,13
geometry,2.707,11
geometry,2.708,17
geometry,2.709,14
geometry,2.71,9
geometry,2.711,14
geometry,2.712,17
geometry,2.713,14
geometry,2.714,18
geometry,2.715,12
geometry,2.716,16
geometry,2.717,7
geometry,2.718,13
geometry,2.719,15
geometry,2.72,13
geometry,2.721,21
geometry,2.722,9
geometry,2.723,11
geometry,2.724,13
geometry,2.725,20
geometry,2.726,16
geometry,2.727,13
geometry,2.728,11
geometry,2.729,14
geometry,2.73,14
geometry,2.731,10
geometry,2.732,17
geometry,2.733,15
geometry,2.734,13
geometry,2.735,9
geometry,2.736,20
geometry,2.737,14
geometry,2.738,15
geometry,2.739,11
geometry,2.74,14
geometry,2.741,11
geometry,2.742,19
geometry,2.743,17
geometry,2.744,14
geometry,2.745,16
geometry,2.746,13
geometry,2.747,9
geometry,2.748,10
geometry,2.749,19
geometry,2.75,10
geometry,2.751,13
geometry,2.752,12
geometry,2.753,10
geometry,2.754,10
geometry,2.755,18
geometry,2.756,14
geometry,2.757,11
geometry,2.758,9
geometry,2.759,14
geometry,2.76,17
geometry,2.761,15
geometry,2.762,13
geometry,2.763,18
geometry,2.764,18
geometry,2.765,11
geometry,2.766,13
geometry,2.767,8
geometry,2.768,14
geometry,2.769,18
geometry,2.77,15
geometry,2.771,12
geometry,2.772,18
geometry,2.773,15
geometry,2.774,20
geometry,2.775,10
geometry,2.776,14
geometry,2.777,11
geometry,2.778,13
geometry,2.779,17
geometry,2.78,7
geometry,2.781,13
geometry,2.782,12
geometry,2.783,12
geometry,2.784,14
geometry,2.785,14
geometry,2.786,17
geometry,2.787,10
geometry,2.788,16
geometry,2.789,10
geometry,2.79,15
geometry,2.791,14
geometry,2.792,8
geometry,2.793,9
geometry,2.794,14
geometry,2.795,14
geometry,2.796,8
geometry,2.797,19
geometry,2.798,16
geometry,2.799,18
geometry,2.8,12
geometry,2.801,18
geometry,2.802,8
geometry,2.803,14
geometry,2.804,16
geometry,2.805,9
geometry,2.806,20
geometry,2.807,10
geometry,2.808,9
geometry,2.809,11
geometry,2.81,10
geometry,2.811,22
geometry,2.812,11
geometry,2.813,11
geometry,2.814,9
geometry,2.815,13
geometry,2.816,11
geometry,2.817,18
geometry,2.818,13
geometry,2.819,18
geometry,2.82,14
geometry,2.821,21
geometry,2.822,7
geometry,2.823,9
geometry,2.824,9
geometry,2.825,10
geometry,2.826,17
geometry,2.827,19
geometry,2.828,18
geometry,2.829,12
geometry,2.83,18
geometry,2.831,15
geometry,2.832,6
geometry,2.833,11
geometry,2.834,9
geometry,2.835,7
geometry,2.836,11
geometry,2.837,14
geometry,2.838,10
geometry,2.839,9
geometry,2.84,16
geometry,2.841,13
geometry,2.842,12
geometry,2.843,11
geometry,2.844,12
geometry,2.845,9
geometry,2.846,22
geometry,2.847,9
geometry,2.848,17
geometry,2.849,20
geometry,2.85,14
geometry,2.851,16
geometry,2.852,12
geometry,2.853,11
geometry,2.854,14
geometry,2.855,9
geometry,2.856,12
geometry,2.857,17
geometry,2.858,16
geometry,2.859,12
geometry,2.86,14
geometry,2.861,20
geometry,2.862,11
geometry,2.863,8
geometry,2.864,10
geometry,2.865,7
geometry,2.866,10
geometry,2.867,14
geometry,2.868,12
geometry,2.869,7
geometry,2.87,6
geometry,2.871,13
geometry,2.872,12
geometry,2.873,9
geometry,2.874,14
geometry,2.875,16
geometry,2.876,13
geometry,2.877,16
geometry,2.878,11
geometry,2.879,13
geometry,2.88,15
geometry,2.881,15
geometry,2.882,11
geometry,2.883,11
geometry,2.884,13
geometry,2.885,11
geometry,2.886,10
geometry,2.887,12
geometry,2.888,9
geometry,2.889,18
geometry,2.89,12
geometry,2.891,8
geometry,2.892,10
geometry,2.893,14
geometry,2.894,9
geometry,2.895,12
geometry,2.896,8
geometry,2.897,12
geometry,2.898,15
geometry,2.899,10
geometry,2.9,15
geometry,2.901,14
geometry,2.902,15
geometry,2.903,9
geometry,2.904,11
geometry,2.905,11
geometry,2.906,15
geometry,2.907,11
geometry,2.908,10
geometry,2.909,9
geometry,2.91,6
geometry,2.911,13
geometry,2.912,9
geometry,2.913,8
geometry,2.914,11
geometry,2.915,12
geometry,2.916,18
geometry,2.917,6
geometry,2.918,20
geometry,2.919,13
geometry,2.92,9
geometry,2.921,10
geometry,2.922,17
geometry,2.923,6
geometry,2.924,9
geometry,2.925,10
geometry,2.926,10
geometry,2.927,14
geometry,2.928,10
geometry,2.929,11
geometry,2.93,14
geometry,2.931,15
geometry,2.932,12
geometry,2.933,15
geometry,2.934,10
geometry,2.935,12
geometry,2.936,14
geometry,2.937,10
geometry,2.938,11
geometry,2.939,10
geometry,2.94,18
geometry,2.941,14
geometry,2.942,7
geometry,2.943,17
geometry,2.944,16
geometry,2.945,11
geometry,2.946,13
geometry,2.947,11
geometry,2.948,12
geometry,2.949,17
geometry,2.95,11
geometry,2.951,16
geometry,2.952,17
geometry,2.953,13
geometry,2.954,10
geometry,2.955,9
geometry,2.956,6
geometry,2.957,8
geometry,2.958,11
geometry,2.959,9
geometry,2.96,9
geometry,2.961,18
geometry,2.962,15
geometry,2.963,10
geometry,2.964,8
geometry,2.965,15
geometry,2.966,12
geometry,2.967,9
geometry,2.968,12
geometry,2.969,14
geometry,2.97,12
geometry,2.971,7
geometry,2.972,3
geometry,2.973,7
geometry,2.974,6
geometry,2.975,9
geometry,2.976,13
geometry,2.977,15
geometry,2.978,15
geometry,2.979,13
geometry,2.98,13
geometry,2.981,15
geometry,2.982,10
geometry,2.983,11
geometry,2.984,18
geometry,2.985,15
geometry,2.986,10
geometry,2.987,11
geometry,2.988,13
geometry,2.989,9
geometry,2.99,12
geometry,2.991,10
geometry,2.992,8
geometry,2.993,12
geometry,2.994,17
geometry,2.995,11
geometry,2.996,11
geometry,2.997,12
geometry,2.998,16
geometry,2.999,16
geometry,3,8
geometry,3.001,12
geometry,3.002,10
geometry,3.003,15
geometry,3.004,15
geometry,3.005,6
geometry,3.006,7
geometry,3.007,17
geometry,3.008,14
geometry,3.009,10
geometry,3.01,4
geometry,3.011,12
geometry,3.012,10
geometry,3.013,11
geometry,3.014,6
geometry,3.015,13
geometry,3.016,7
geometry,3.017,7
geometry,3.018,16
geometry,3.019,8
geometry,3.02,13
geometry,3.021,14
geometry,3.022,9
geometry,3.023,9
geometry,3.024,14
geometry,3.025,7
geometry,3.026,8
geometry,3.027,10
geometry,3.028,16
geometry,3.029,8
geometry,3.03,14
geometry,3.031,13
geometry,3.032,14
geometry,3.033,14
geometry,3.034,11
geometry,3.035,11
geometry,3.036,10
geometry,3.037,12
geometry,3.038,12
geometry,3.039,11
geometry,3.04,13
geometry,3.041,20
geometry,3.042,10
geometry,3.043,5
geometry,3.044,20
geometry,3.045,8
geometry,3.046,14
geometry,3.047,11
geometry,3.048,11
geometry,3.049,17
geometry,3.05,12
geometry,3.051,9
geometry,3.052,6
geometry,3.053,10
geometry,3.054,10
geometry,3.055,13
geometry,3.056,17
geometry,3.057,7
geometry,3.058,10
geometry,3.059,7
geometry,3.06,9
geometry,3.061,8
geometry,3.062,19
geometry,3.063,14
geometry,3.064,11
geometry,3.065,9
geometry,3.066,14
geometry,3.067,11
geometry,3.068,4
geometry,3.069,8
geometry,3.07,14
geometry,3.071,17
geometry,3.072,13
geometry,3.073,10
geometry,3.074,13
geometry,3.075,11
geometry,3.076,12
geometry,3.077,10
geometry,3.078,13
geometry,3.079,6
geometry,3.08,12
geometry,3.081,10
geometry,3.082,14
geometry,3.083,11
geometry,3.084,10
geometry,3.085,9
geometry,3.086,10
geometry,3.087,8
geometry,3.088,11
geometry,3.089,16
geometry,3.09,9
geometry,3.091,16
geometry,3.092,12
geometry,3.093,9
geometry,3.094,14
geometry,3.095,5
geometry,3.096,12
geometry,3.097,12
geometry,3.098,14
geometry,3.099,9
geometry,3.1,6
geometry,3.101,10
geometry,3.102,12
geometry,3.103,9
geometry,3.104,9
geometry,3.105,9
geometry,3.106,9
geometry,3.107,15
geometry,3.108,10
geometry,3.109,12
geometry,3.11,8
geometry,3.111,11
geometry,3.112,6
geometry,3.113,8
geometry,3.114,17
geometry,3.115,18
geometry,3.116,8
geometry,3.117,8
geometry,3.118,8
geometry,3.119,12
geometry,3.12,8
geometry,3.121,6
geometry,3.122,11
geometry,3.123,9
geometry,3.124,10
geometry,3.125,13
geometry,3.126,11
geometry,3.127,13
geometry,3.128,6
geometry,3.129,13
geometry,3.13,13
geometry,3.131,12
geometry,3.132,17
geometry,3.133,11
geometry,3.134,10
geometry,3.135,9
geometry,3.136,15
geometry,3.137,7
geometry,3.138,13
geometry,3.139,11
geometry,3.14,13
geometry,3.141,11
geometry,3.142,12
geometry,3.143,10
geometry,3.144,15
geometry,3.145,13
geometry,3.146,6
geometry,3.147,9
geometry,3.148,12
geometry,3.149,13
geometry,3.15,19
geometry,3.151,11
geometry,3.152,14
geometry,3.153,13
geometry,3.154,6
geometry,3.155,10
geometry,3.156,9
geometry,3.157,10
geometry,3.158,12
geometry,3.159,11
geometry,3.16,10
geometry,3.161,10
geometry,3.162,3
geometry,3.163,11
geometry,3.164,9
geometry,3.165,10
geometry,3.166,12
geometry,3.167,4
geometry,3.168,8
geometry,3.169,9
geometry,3.17,5
geometry,3.171,10
geometry,3.172,10
geometry,3.173,12
geometry,3.174,4
geometry,3.175,13
geometry,3.176,10
geometry,3.177,5
geometry,3.178,7
geometry,3.179,9
geometry,3.18,3
geometry,3.181,8
geometry,3.182,7
geometry,3.183,7
geometry,3.184,13
geometry,3.185,17
geometry,3.186,9
geometry,3.187,8
geometry,3.188,13
geometry,3.189,7
geometry,3.19,10
geometry,3.191,12
geometry,3.192,13
geometry,3.193,8
geometry,3.194,8
geometry,3.195,6
geometry,3.196,8
geometry,3.197,12
geometry,3.198,13
geometry,3.199,9
geometry,3.2,11
geometry,3.201,9
geometry,3.202,8
geometry,3.203,10
geometry,3.204,7
geometry,3.205,7
geometry,3.206,11
geometry,3.207,11
geometry,3.208,7
geometry,3.209,9
geometry,3.21,6
geometry,3.211,10
geometry,3.212,4
geometry,3.213,10
geometry,3.214,14
geometry,3.215,6
geometry,3.216,1
geometry,3.217,5
geometry,3.218,11
geometry,3.219,10
geometry,3.22,8
geometry,3.221,10
geometry,3.222,12
geometry,3.223,11
geometry,3.224,8
geometry,3.225,10
geometry,3.226,8
geometry,3.227,10
geometry,3.228,8
geometry,3.229,11
geometry,3.23,8
geometry,3.231,11
geometry,3.232,5
geometry,3.233,12
geometry,3.234,15
geometry,3.235,12
geometry,3.236,7
geometry,3.237,9
geometry,3.238,9
geometry,3.239,8
geometry,3.24,5
geometry,3.241,10
geometry,3.242,3
geometry,3.243,15
geometry,3.244,10
geometry,3.245,9
geometry,3.246,5
geometry,3.247,14
geometry,3.248,7
geometry,3.249,4
geometry,3.25,10
geometry,3.251,7
geometry,3.252,13
geometry,3.253,4
geometry,3.254,12
geometry,3.255,6
geometry,3.256,5
geometry,3.257,5
geometry,3.258,15
geometry,3.259,14
geometry,3.26,8
geometry,3.261,11
geometry,3.262,8
geometry,3.263,3
geometry,3.264,5
geometry,3.265,10
geometry,3.266,7
geometry,3.267,12
geometry,3.268,9
geometry,3.269,6
geometry,3.27,8
geometry,3.271,4
geometry,3.272,14
geometry,3.273,9
geometry,3.274,10
geometry,3.275,9
geometry,3.276,5
geometry,3.277,7
geometry,3.278,10
geometry,3.279,8
geometry,3.28,10
geometry,3.281,7
geometry,3.282,7
geometry,3.283,9
geometry,3.284,5
geometry,3.285,6
geometry,3.286,8
geometry,3.287,8
geometry,3.288,11
geometry,3.289,12
geometry,3.29,10
geometry,3.291,10
geometry,3.292,11
geometry,3.293,14
geometry,3.294,4
geometry,3.295,11
geometry,3.296,10
geometry,3.297,5
geometry,3.298,12
geometry,3.299,6
geometry,3.3,11
geometry,3.301,8
geometry,3.302,11
geometry,3.303,20
geometry,3.304,11
geometry,3.305,9
geometry,3.306,7
geometry,3.307,10
geometry,3.308,5
geometry,3.309,8
geometry,3.31,5
geometry,3.311,8
geometry,3.312,3
geometry,3.313,13
geometry,3.314,7
geometry,3.315,10
geometry,3.316,10
geometry,3.317,11
geometry,3.318,6
geometry,3.319,5
geometry,3.32,5
geometry,3.321,7
geometry,3.322,13
geometry,3.323,10
geometry,3.324,13
geometry,3.325,11
geometry,3.326,11
geometry,3.327,4
geometry,3.328,5
geometry,3.329,11
geometry,3.33,11
geometry,3.331,10
geometry,3.332,10
geometry,3.333,5
geometry,3.334,7
geometry,3.335,6
geometry,3.336,11
geometry,3.337,10
geometry,3.338,6
geometry,3.339,5
geometry,3.34,6
geometry,3.341,4
geometry,3.342,7
geometry,3.343,9
geometry,3.344,11
geometry,3.345,7
geometry,3.346,6
geometry,3.347,6
geometry,3.348,7
geometry,3.349,12
geometry,3.35,13
geometry,3.351,11
geometry,3.352,7
geometry,3.353,8
geometry,3.354,7
geometry,3.355,6
geometry,3.356,5
geometry,3.357,7
geometry,3.358,11
geometry,3.359,6
geometry,3.36,18
geometry,3.361,4
geometry,3.362,5
geometry,3.363,8
geometry,3.364,6
geometry,3.365,5
geometry,3.366,6
geometry,3.367,12
geometry,3.368,8
geometry,3.369,2
geometry,3.37,8
geometry,3.371,7
geometry,3.372,9
geometry,3.373,9
geometry,3.374,6
geometry,3.375,6
geometry,3.376,11
geometry,3.377,9
geometry,3.378,4
geometry,3.379,8
geometry,3.38,15
geometry,3.381,10
geometry,3.382,5
geometry,3.383,9
geometry,3.384,5
geometry,3.385,11
geometry,3.386,7
geometry,3.387,5
geometry,3.388,11
geometry,3.389,6
geometry,3.39,9
geometry,3.391,8
geometry,3.392,10
geometry,3.393,10
geometry,3.394,9
geometry,3.395,8
geometry,3.396,6
geometry,3.397,4
geometry,3.398,4
geometry,3.399,5
geometry,3.4,11
geometry,3.401,8
geometry,3.402,6
geometry,3.403,7
geometry,3.404,6
geometry,3.405,11
geometry,3.406,5
geometry,3.407,7
geometry,3.408,9
geometry,3.409,9
geometry,3.41,5
geometry,3.411,6
geometry,3.412,11
geometry,3.413,9
geometry,3.414,6
geometry,3.415,7
geometry,3.416,12
geometry,3.417,8
geometry,3.418,8
geometry,3.419,4
geometry,3.42,12
geometry,3.421,6
geometry,3.422,5
geometry,3.423,8
geometry,3.424,9
geometry,3.425,7
geometry,3.426,8
geometry,3.427,11
geometry,3.428,9
geometry,3.429,7
geometry,3.43,8
geometry,3.431,9
geometry,3.432,5
geometry,3.433,4
geometry,3.434,5
geometry,3.435,7
geometry,3.436,5
geometry,3.437,9
geometry,3.438,6
geometry,3.439,12
geometry,3.44,10
geometry,3.441,4
geometry,3.442,11
geometry,3.443,14
geometry,3.444,9
geometry,3.445,12
geometry,3.446,15
geometry,3.447,12
geometry,3.448,8
geometry,3.449,3
geometry,3.45,5
geometry,3.451,7
geometry,3.452,11
geometry,3.453,13
geometry,3.454,6
geometry,3.455,8
geometry,3.456,7
geometry,3.457,4
geometry,3.458,6
geometry,3.459,6
geometry,3.46,3
geometry,3.461,3
geometry,3.462,5
geometry,3.463,7
geometry,3.464,8
geometry,3.465,10
geometry,3.466,7
geometry,3.467,9
geometry,3.468,8
geometry,3.469,10
geometry,3.47,10
geometry,3.471,6
geometry,3.472,6
geometry,3.473,6
geometry,3.474,8
geometry,3.475,10
geometry,3.476,8
geometry,3.477,6
geometry,3.478,7
geometry,3.479,3
geometry,3.48,6
geometry,3.481,10
geometry,3.482,7
geometry,3.483,12
geometry,3.484,3
geometry,3.485,4
geometry,3.486,8
geometry,3.487,7
geometry,3.488,9
geometry,3.489,8
geometry,3.49,4
geometry,3.491,8
geometry,3.492,6
geometry,3.493,9
geometry,3.494,6
geometry,3.495,10
geometry,3.496,9
geometry,3.497,10
geometry,3.498,9
geometry,3.499,6
geometry,3.5,9
geometry,3.501,7
geometry,3.502,5
geometry,3.503,7
geometry,3.504,4
geometry,3.505,8
geometry,3.506,7
geometry,3.507,18
geometry,3.508,2
geometry,3.509,6
geometry,3.51,9
geometry,3.511,3
geometry,3.512,9
geometry,3.513,9
geometry,3.514,7
geometry,3.515,11
geometry,3.516,5
geometry,3.517,5
geometry,3.518,12
geometry,3.519,14
geometry,3.52,4
geometry,3.521,11
geometry,3.522,8
geometry,3.523,6
geometry,3.524,6
geometry,3.525,2
geometry,3.526,8
geometry,3.527,5
geometry,3.528,10
geometry,3.529,8
geometry,3.53,3
geometry,3.531,5
geometry,3.532,5
geometry,3.533,9
geometry,3.534,4
geometry,3.535,5
geometry,3.536,4
geometry,3.537,8
geometry,3.538,10
geometry,3.539,6
geometry,3.54,4
geometry,3.541,8
geometry,3.542,5
geometry,3.543,6
geometry,3.544,7
geometry,3.545,6
geometry,3.546,6
geometry,3.547,12
geometry,3.548,3
geometry,3.549,7
geometry,3.55,7
geometry,3.551,10
geometry,3.552,8
geometry,3.553,8
geometry,3.554,8
geometry,3.555,3
geometry,3.556,8
geometry,3.557,12
geometry,3.558,7
geometry,3.559,5
geometry,3.56,6
geometry,3.561,12
geometry,3.562,7
geometry,3.563,5
geometry,3.564,5
geometry,3.565,5
geometry,3.566,12
geometry,3.567,6
geometry,3.568,10
geometry,3.569,7
geometry,3.57,10
geometry,3.571,5
geometry,3.572,11
geometry,3.573,3
geometry,3.574,5
geometry,3.575,2
geometry,3.576,5
geometry,3.577,6
geometry,3.578,5
geometry,3.579,6
geometry,3.58,8
geometry,3.581,7
geometry,3.582,7
geometry,3.583,6
geometry,3.584,6
geometry,3.585,3
geometry,3.586,4
geometry,3.587,4
geometry,3.588,5
geometry,3.589,6
geometry,3.59,4
geometry,3.591,9
geometry,3.592,5
geometry,3.593,6
geometry,3.594,6
geometry,3.595,7
geometry,3.596,16
geometry,3.597,9
geometry,3.598,5
geometry,3.599,11
geometry,3.6,6
geometry,3.601,6
geometry,3.602,5
geometry,3.603,5
geometry,3.604,4
geometry,3.605,4
geometry,3.606,8
geometry,3.607,9
geometry,3.608,9
geometry,3.609,8
geometry,3.61,9
geometry,3.611,13
geometry,3.612,9
geometry,3.613,5
geometry,3.614,9
geometry,3.615,3
geometry,3.616,4
geometry,3.617,4
geometry,3.618,7
geometry,3.619,8
geometry,3.62,4
geometry,3.621,4
geometry,3.622,11
geometry,3.623,4
geometry,3.624,4
geometry,3.625,7
geometry,3.626,12
geometry,3.627,16
geometry,3.628,15
geometry,3.629,8
geometry,3.63,6
geometry,3.631,1
geometry,3.632,7
geometry,3.633,3
geometry,3.634,5
geometry,3.635,7
geometry,3.636,9
geometry,3.637,3
geometry,3.638,4
geometry,3.639,3
geometry,3.64,6
geometry,3.641,7
geometry,3.642,3
geometry,3.643,3
geometry,3.644,8
geometry,3.645,7
geometry,3.646,5
geometry,3.647,9
geometry,3.648,8
geometry,3.649,9
geometry,3.65,7
geometry,3.651,5
geometry,3.652,15
geometry,3.653,7
geometry,3.654,4
geometry,3.655,5
geometry,3.656,5
geometry,3.657,4
geometry,3.658,13
geometry,3.659,8
geometry,3.66,5
geometry,3.661,7
geometry,3.662,6
geometry,3.663,7
geometry,3.664,9
geometry,3.665,4
geometry,3.666,5
geometry,3.667,2
geometry,3.668,4
geometry,3.669,9
geometry,3.67,5
geometry,3.671,6
geometry,3.672,5
geometry,3.673,3
geometry,3.674,11
geometry,3.675,5
geometry,3.676,10
geometry,3.677,5
geometry,3.678,10
geometry,3.679,6
geometry,3.68,5
geometry,3.681,1
geometry,3.682,9
geometry,3.683,11
geometry,3.684,6
geometry,3.685,2
geometry,3.686,7
geometry,3.687,5
geometry,3.688,4
geometry,3.689,3
geometry,3.69,5
geometry,3.691,4
geometry,3.692,5
geometry,3.693,13
geometry,3.694,9
geometry,3.695,4
geometry,3.696,9
geometry,3.697,6
geometry,3.698,7
geometry,3.699,11
geometry,3.7,1
geometry,3.701,9
geometry,3.702,6
geometry,3.703,7
geometry,3.704,4
geometry,3.705,11
geometry,3.706,6
geometry,3.707,4
geometry,3.708,8
geometry,3.709,9
geometry,3.71,7
geometry,3.711,6
geometry,3.712,5
geometry,3.713,7
geometry,3.714,6
geometry,3.715,5
geometry,3.716,6
geometry,3.717,7
geometry,3.718,6
geometry,3.719,9
geometry,3.72,1
geometry,3.721,7
geometry,3.722,4
geometry,3.723,9
geometry,3.724,12
geometry,3.725,9
geometry,3.726,2
geometry,3.727,2
geometry,3.728,3
geometry,3.729,4
geometry,3.73,6
geometry,3.731,2
geometry,3.732,10
geometry,3.733,6
geometry,3.734,4
geometry,3.735,9
geometry,3.736,3
geometry,3.737,4
geometry,3.738,6
geometry,3.739,7
geometry,3.74,8
geometry,3.741,1
geometry,3.742,4
geometry,3.743,4
geometry,3.744,3
geometry,3.745,7
geometry,3.746,3
geometry,3.747,6
geometry,3.748,9
geometry,3.749,7
geometry,3.75,7
geometry,3.751,9
geometry,3.752,8
geometry,3.753,10
geometry,3.754,8
geometry,3.755,8
geometry,3.756,8
geometry,3.757,7
geometry,3.758,5
geometry,3.759,3
geometry,3.76,5
geometry,3.761,6
geometry,3.762,5
geometry,3.763,5
geometry,3.764,7
geometry,3.765,6
geometry,3.766,2
geometry,3.767,5
geometry,3.768,6
geometry,3.769,3
geometry,3.77,3
geometry,3.771,3
geometry,3.772,7
geometry,3.773,6
geometry,3.774,12
geometry,3.775,5
geometry,3.776,10
geometry,3.777,2
geometry,3.778,7
geometry,3.779,5
geometry,3.78,10
geometry,3.781,8
geometry,3.782,5
geometry,3.783,5
geometry,3.784,1
geometry,3.785,4
geometry,3.786,3
geometry,3.787,3
geometry,3.788,4
geometry,3.789,6
geometry,3.79,4
geometry,3.791,6
geometry,3.792,7
geometry,3.793,5
geometry,3.794,6
geometry,3.795,11
geometry,3.796,8
geometry,3.797,4
geometry,3.798,5
geometry,3.799,11
geometry,3.8,5
geometry,3.801,5
geometry,3.802,5
geometry,3.803,9
geometry,3.804,6
geometry,3.806,6
geometry,3.807,7
geometry,3.808,5
geometry,3.809,7
geometry,3.81,6
geometry,3.811,9
geometry,3.812,8
geometry,3.813,6
geometry,3.814,7
geometry,3.815,2
geometry,3.816,4
geometry,3.817,7
geometry,3.818,3
geometry,3.819,2
geometry,3.82,9
geometry,3.821,2
geometry,3.822,7
geometry,3.823,5
geometry,3.824,5
geometry,3.825,3
geometry,3.826,4
geometry,3.827,9
geometry,3.828,8
geometry,3.829,4
geometry,3.83,6
geometry,3.831,4
geometry,3.832,6
geometry,3.833,6
geometry,3.834,3
geometry,3.835,3
geometry,3.836,4
geometry,3.837,1
geometry,3.838,7
geometry,3.839,4
geometry,3.84,8
geometry,3.841,7
geometry,3.842,8
geometry,3.843,5
geometry,3.844,7
geometry,3.845,7
geometry,3.847,7
geometry,3.848,8
geometry,3.849,9
geometry,3.85,5
geometry,3.851,8
geometry,3.852,5
geometry,3.853,1
geometry,3.854,8
geometry,3.855,4
geometry,3.856,9
geometry,3.857,9
geometry,3.858,9
geometry,3.859,7
geometry,3.86,5
geometry,3.861,4
geometry,3.862,2
geometry,3.863,4
geometry,3.864,6
geometry,3.865,8
geometry,3.866,2
geometry,3.867,8
geometry,3.868,7
geometry,3.869,4
geometry,3.87,11
geometry,3.871,5
geometry,3.872,3
geometry,3.873,3
geometry,3.874,3
geometry,3.875,8
geometry,3.876,7
geometry,3.877,5
geometry,3.878,1
geometry,3.879,7
geometry,3.88,3
geometry,3.881,6
geometry,3.882,4
geometry,3.883,5
geometry,3.884,6
geometry,3.885,7
geometry,3.886,8
geometry,3.887,1
geometry,3.888,4
geometry,3.889,5
geometry,3.89,3
geometry,3.891,6
geometry,3.892,7
geometry,3.893,6
geometry,3.894,7
geometry,3.895,6
geometry,3.896,4
geometry,3.897,6
geometry,3.898,4
geometry,3.899,3
geometry,3.9,8
geometry,3.901,5
geometry,3.902,7
geometry,3.903,5
geometry,3.904,4
geometry,3.905,4
geometry,3.906,5
geometry,3.907,6
geometry,3.908,3
geometry,3.909,6
geometry,3.91,7
geometry,3.911,2
geometry,3.912,5
geometry,3.913,1
geometry,3.914,9
geometry,3.915,3
geometry,3.916,3
geometry,3.917,5
geometry,3.918,1
geometry,3.919,7
geometry,3.92,4
geometry,3.921,5
geometry,3.922,5
geometry,3.923,6
geometry,3.924,3
geometry,3.925,7
geometry,3.926,5
geometry,3.927,6
geometry,3.928,3
geometry,3.929,8
geometry,3.93,9
geometry,3.931,5
geometry,3.932,5
geometry,3.933,10
geometry,3.934,6
geometry,3.935,3
geometry,3.936,3
geometry,3.937,7
geometry,3.938,6
geometry,3.939,6
geometry,3.94,5
geometry,3.941,11
geometry,3.942,7
geometry,3.943,7
geometry,3.944,5
geometry,3.945,4
geometry,3.946,6
geometry,3.947,6
geometry,3.948,2
geometry,3.949,6
geometry,3.95,3
geometry,3.951,4
geometry,3.952,6
geometry,3.953,4
geometry,3.954,5
geometry,3.955,4
geometry,3.956,7
geometry,3.957,1
geometry,3.958,6
geometry,3.959,4
geometry,3.96,9
geometry,3.961,7
geometry,3.962,4
geometry,3.963,2
geometry,3.964,4
geometry,3.965,7
geometry,3.966,11
geometry,3.967,4
geometry,3.968,2
geometry,3.969,3
geometry,3.97,11
geometry,3.971,3
geometry,3.972,9
geometry,3.973,4
geometry,3.974,3
geometry,3.975,4
geometry,3.976,10
geometry,3.977,7
geometry,3.978,4
geometry,3.979,3
geometry,3.98,4
geometry,3.981,1
geometry,3.982,7
geometry,3.983,6
geometry,3.984,5
geometry,3.985,6
geometry,3.986,5
geometry,3.987,2
geometry,3.988,3
geometry,3.989,5
geometry,3.99,11
geometry,3.991,7
geometry,3.992,6
geometry,3.993,5
geometry,3.994,3
geometry,3.995,4
geometry,3.996,12
geometry,3.997,3
geometry,3.998,2
geometry,3.999,6
geometry,4,4
geometry,4.001,4
geometry,4.002,5
geometry,4.003,3
geometry,4.004,3
geometry,4.005,7
geometry,4.006,4
geometry,4.007,3
geometry,4.008,4
geometry,4.009,6
geometry,4.01,5
geometry,4.011,7
geometry,4.012,4
geometry,4.013,5
geometry,4.014,4
geometry,4.016,5
geometry,4.017,4
geometry,4.018,2
geometry,4.019,2
geometry,4.02,5
geometry,4.021,7
geometry,4.022,4
geometry,4.023,5
geometry,4.024,6
geometry,4.025,6
geometry,4.026,2
geometry,4.027,2
geometry,4.028,5
geometry,4.029,4
geometry,4.03,5
geometry,4.031,1
geometry,4.032,6
geometry,4.033,3
geometry,4.034,7
geometry,4.035,7
geometry,4.036,5
geometry,4.037,8
geometry,4.038,7
geometry,4.039,9
geometry,4.04,4
geometry,4.041,4
geometry,4.042,2
geometry,4.043,5
geometry,4.044,1
geometry,4.045,7
geometry,4.046,8
geometry,4.047,3
geometry,4.048,6
geometry,4.049,4
geometry,4.05,3
geometry,4.051,8
geometry,4.052,3
geometry,4.053,4
geometry,4.054,3
geometry,4.055,9
geometry,4.056,3
geometry,4.057,11
geometry,4.058,7
geometry,4.059,7
geometry,4.06,5
geometry,4.061,3
geometry,4.062,5
geometry,4.063,1
geometry,4.064,6
geometry,4.065,4
geometry,4.066,4
geometry,4.067,3
geometry,4.068,9
geometry,4.069,10
geometry,4.07,3
geometry,4.071,5
geometry,4.072,3
geometry,4.073,3
geometry,4.074,5
geometry,4.075,7
geometry,4.076,4
geometry,4.077,5
geometry,4.078,6
geometry,4.079,3
geometry,4.08,3
geometry,4.081,3
geometry,4.082,4
geometry,4.083,3
geometry,4.084,4
geometry,4.085,4
geometry,4.086,6
geometry,4.087,3
geometry,4.088,8
geometry,4.089,3
geometry,4.09,9
geometry,4.091,5
geometry,4.092,4
geometry,4.093,3
geometry,4.094,4
geometry,4.095,7
geometry,4.096,5
geometry,4.097,4
geometry,4.098,6
geometry,4.099,7
geometry,4.1,2
geometry,4.101,5
geometry,4.102,2
geometry,4.103,4
geometry,4.104,9
geometry,4.105,3
geometry,4.106,9
geometry,4.107,5
geometry,4.108,10
geometry,4.109,9
geometry,4.11,5
geometry,4.111,5
geometry,4.112,7
geometry,4.113,3
geometry,4.115,4
geometry,4.116,5
geometry,4.117,3
geometry,4.118,4
geometry,4.119,5
geometry,4.12,2
geometry,4.121,2
geometry,4.122,3
geometry,4.123,6
geometry,4.124,3
geometry,4.125,2
geometry,4.126,4
geometry,4.127,11
geometry,4.128,3
geometry,4.129,3
geometry,4.13,6
geometry,4.131,3
geometry,4.132,3
geometry,4.133,6
geometry,4.134,3
geometry,4.135,4
geometry,4.136,4
geometry,4.137,3
geometry,4.138,8
geometry,4.139,3
geometry,4.14,4
geometry,4.141,6
geometry,4.142,5
geometry,4.143,8
geometry,4.144,4
geometry,4.145,7
geometry,4.146,3
geometry,4.147,4
geometry,4.148,4
geometry,4.149,4
geometry,4.15,5
geometry,4.151,5
geometry,4.152,5
geometry,4.153,4
geometry,4.154,5
geometry,4.155,4
geometry,4.156,4
geometry,4.157,2
geometry,4.158,3
geometry,4.159,9
geometry,4.16,1
geometry,4.161,2
geometry,4.162,9
geometry,4.163,6
geometry,4.164,1
geometry,4.165,3
geometry,4.166,3
geometry,4.167,6
geometry,4.168,6
geometry,4.169,1
geometry,4.17,1
geometry,4.171,2
geometry,4.172,5
geometry,4.173,2
geometry,4.174,4
geometry,4.175,3
geometry,4.176,7
geometry,4.177,4
geometry,4.178,2
geometry,4.179,5
geometry,4.18,8
geometry,4.181,2
geometry,4.182,1
geometry,4.183,5
geometry,4.184,7
geometry,4.185,5
geometry,4.186,6
geometry,4.187,1
geometry,4.188,2
geometry,4.189,4
geometry,4.19,5
geometry,4.191,4
geometry,4.192,4
geometry,4.193,5
geometry,4.194,7
geometry,4.195,9
geometry,4.196,4
geometry,4.197,4
geometry,4.198,4
geometry,4.199,3
geometry,4.2,5
geometry,4.201,2
geometry,4.202,5
geometry,4.203,4
geometry,4.204,3
geometry,4.205,4
geometry,4.206,8
geometry,4.207,2
geometry,4.208,6
geometry,4.209,4
geometry,4.21,5
geometry,4.211,5
geometry,4.212,5
geometry,4.213,8
geometry,4.214,12
geometry,4.215,4
geometry,4.216,4
geometry,4.217,6
geometry,4.218,8
geometry,4.219,3
geometry,4.22,4
geometry,4.221,2
geometry,4.222,3
geometry,4.223,6
geometry,4.224,1
geometry,4.225,3
geometry,4.226,1
geometry,4.227,6
geometry,4.228,6
geometry,4.229,7
geometry,4.231,5
geometry,4.232,4
geometry,4.233,8
geometry,4.234,7
geometry,4.235,5
geometry,4.236,6
geometry,4.237,5
geometry,4.238,3
geometry,4.239,5
geometry,4.24,5
geometry,4.241,3
geometry,4.242,5
geometry,4.243,9
geometry,4.244,3
geometry,4.245,4
geometry,4.246,2
geometry,4.247,4
geometry,4.248,4
geometry,4.249,1
geometry,4.25,4
geometry,4.251,1
geometry,4.252,6
geometry,4.253,6
geometry,4.254,1
geometry,4.255,3
geometry,4.256,5
geometry,4.257,7
geometry,4.258,1
geometry,4.259,2
geometry,4.26,5
geometry,4.261,5
geometry,4.262,7
geometry,4.263,4
geometry,4.264,2
geometry,4.265,3
geometry,4.266,5
geometry,4.267,3
geometry,4.268,7
geometry,4.269,8
geometry,4.27,5
geometry,4.271,2
geometry,4.272,3
geometry,4.273,2
geometry,4.274,3
geometry,4.275,4
geometry,4.276,1
geometry,4.277,8
geometry,4.278,4
geometry,4.279,7
geometry,4.28,5
geometry,4.281,6
geometry,4.282,5
geometry,4.283,1
geometry,4.284,2
geometry,4.285,3
geometry,4.286,4
geometry,4.287,5
geometry,4.288,4
geometry,4.289,5
geometry,4.29,5
geometry,4.291,8
geometry,4.292,2
geometry,4.293,5
geometry,4.294,1
geometry,4.295,7
geometry,4.296,3
geometry,4.297,5
geometry,4.298,7
geometry,4.299,2
geometry,4.3,3
geometry,4.301,7
geometry,4.302,3
geometry,4.303,9
geometry,4.304,2
geometry,4.305,7
geometry,4.306,3
geometry,4.307,7
geometry,4.308,3
geometry,4.309,4
geometry,4.31,4
geometry,4.311,5
geometry,4.312,6
geometry,4.313,2
geometry,4.314,4
geometry,4.315,5
geometry,4.316,5
geometry,4.317,2
geometry,4.318,7
geometry,4.319,5
geometry,4.32,3
geometry,4.321,2
geometry,4.322,2
geometry,4.323,5
geometry,4.324,5
geometry,4.325,3
geometry,4.326,1
geometry,4.327,6
geometry,4.328,12
geometry,4.329,5
geometry,4.33,4
geometry,4.331,5
geometry,4.332,4
geometry,4.333,7
geometry,4.334,2
geometry,4.335,7
geometry,4.336,3
geometry,4.337,2
geometry,4.338,8
geometry,4.339,4
geometry,4.34,6
geometry,4.341,7
geometry,4.342,4
geometry,4.343,4
geometry,4.344,4
geometry,4.345,6
geometry,4.346,6
geometry,4.347,3
geometry,4.348,5
geometry,4.349,2
geometry,4.35,2
geometry,4.351,6
geometry,4.352,6
geometry,4.353,8
geometry,4.354,1
geometry,4.355,2
geometry,4.356,4
geometry,4.357,3
geometry,4.358,4
geometry,4.359,2
geometry,4.36,6
geometry,4.361,5
geometry,4.362,3
geometry,4.363,2
geometry,4.364,4
geometry,4.365,3
geometry,4.366,1
geometry,4.367,3
geometry,4.368,4
geometry,4.369,3
geometry,4.37,8
geometry,4.371,5
geometry,4.372,2
geometry,4.374,6
geometry,4.375,3
geometry,4.376,4
geometry,4.377,4
geometry,4.378,2
geometry,4.379,5
geometry,4.38,6
geometry,4.381,6
geometry,4.382,3
geometry,4.383,4
geometry,4.384,2
geometry,4.385,3
geometry,4.386,9
geometry,4.387,4
geometry,4.388,2
geometry,4.389,1
geometry,4.39,5
geometry,4.391,8
geometry,4.392,3
geometry,4.393,2
geometry,4.394,2
geometry,4.395,2
geometry,4.396,3
geometry,4.397,3
geometry,4.398,4
geometry,4.399,2
geometry,4.4,3
geometry,4.401,4
geometry,4.402,8
geometry,4.403,6
geometry,4.404,2
geometry,4.405,2
geometry,4.406,5
geometry,4.407,3
geometry,4.408,2
geometry,4.409,3
geometry,4.41,6
geometry,4.411,4
geometry,4.412,4
geometry,4.413,8
geometry,4.414,1
geometry,4.415,1
geometry,4.416,4
geometry,4.417,8
geometry,4.418,7
geometry,4.419,4
geometry,4.42,1
geometry,4.421,3
geometry,4.422,3
geometry,4.423,4
geometry,4.424,3
geometry,4.425,2
geometry,4.426,5
geometry,4.427,6
geometry,4.428,9
geometry,4.429,2
geometry,4.43,1
geometry,4.431,4
geometry,4.432,1
geometry,4.433,1
geometry,4.434,3
geometry,4.435,2
geometry,4.436,5
geometry,4.437,4
geometry,4.438,2
geometry,4.439,3
geometry,4.44,4
geometry,4.441,3
geometry,4.442,3
geometry,4.443,5
geometry,4.444,7
geometry,4.445,7
geometry,4.446,3
geometry,4.448,7
geometry,4.449,5
geometry,4.45,2
geometry,4.451,10
geometry,4.452,4
geometry,4.453,2
geometry,4.454,4
geometry,4.455,1
geometry,4.456,2
geometry,4.457,4
geometry,4.458,3
geometry,4.459,2
geometry,4.46,1
geometry,4.461,4
geometry,4.462,5
geometry,4.463,4
geometry,4.464,4
geometry,4.465,7
geometry,4.466,2
geometry,4.467,3
geometry,4.468,1
geometry,4.469,3
geometry,4.47,2
geometry,4.471,5
geometry,4.472,4
geometry,4.473,7
geometry,4.474,5
geometry,4.475,3
geometry,4.476,5
geometry,4.477,4
geometry,4.478,4
geometry,4.479,3
geometry,4.48,4
geometry,4.481,1
geometry,4.482,5
geometry,4.483,4
geometry,4.484,2
geometry,4.485,1
geometry,4.486,3
geometry,4.487,4
geometry,4.488,2
geometry,4.489,2
geometry,4.49,5
geometry,4.491,3
geometry,4.492,7
geometry,4.493,3
geometry,4.494,3
geometry,4.495,1
geometry,4.496,4
geometry,4.497,2
geometry,4.498,3
geometry,4.499,7
geometry,4.5,3
geometry,4.501,5
geometry,4.502,6
geometry,4.503,3
geometry,4.504,2
geometry,4.505,7
geometry,4.506,5
geometry,4.507,7
geometry,4.508,4
geometry,4.509,1
geometry,4.51,3
geometry,4.511,2
geometry,4.512,1
geometry,4.513,2
geometry,4.514,4
geometry,4.516,2
geometry,4.517,3
geometry,4.518,5
geometry,4.519,3
geometry,4.52,2
geometry,4.521,5
geometry,4.522,4
geometry,4.523,5
geometry,4.524,3
geometry,4.525,6
geometry,4.526,4
geometry,4.527,7
geometry,4.528,2
geometry,4.529,1
geometry,4.53,4
geometry,4.531,3
geometry,4.532,3
geometry,4.533,4
geometry,4.534,5
geometry,4.535,5
geometry,4.536,2
geometry,4.538,5
geometry,4.539,5
geometry,4.54,2
geometry,4.541,4
geometry,4.542,4
geometry,4.543,9
geometry,4.544,5
geometry,4.545,2
geometry,4.546,2
geometry,4.547,9
geometry,4.548,3
geometry,4.549,2
geometry,4.55,1
geometry,4.551,4
geometry,4.552,1
geometry,4.553,4
geometry,4.554,2
geometry,4.555,6
geometry,4.556,4
geometry,4.557,3
geometry,4.558,1
geometry,4.559,2
geometry,4.56,5
geometry,4.561,6
geometry,4.562,4
geometry,4.563,5
geometry,4.564,3
geometry,4.565,3
geometry,4.566,2
geometry,4.567,5
geometry,4.568,3
geometry,4.569,6
geometry,4.57,6
geometry,4.571,3
geometry,4.572,5
geometry,4.573,4
geometry,4.574,6
geometry,4.575,4
geometry,4.576,6
geometry,4.577,1
geometry,4.578,7
geometry,4.579,3
geometry,4.58,9
geometry,4.581,3
geometry,4.582,4
geometry,4.583,5
geometry,4.584,3
geometry,4.585,4
geometry,4.586,4
geometry,4.587,2
geometry,4.588,1
geometry,4.589,3
geometry,4.59,3
geometry,4.591,1
geometry,4.592,6
geometry,4.593,1
geometry,4.594,5
geometry,4.595,3
geometry,4.596,7
geometry,4.598,4
geometry,4.599,5
geometry,4.6,2
geometry,4.601,2
geometry,4.602,3
geometry,4.603,5
geometry,4.604,4
geometry,4.605,3
geometry,4.607,3
geometry,4.608,3
geometry,4.609,3
geometry,4.61,1
geometry,4.611,1
geometry,4.612,3
geometry,4.613,3
geometry,4.614,5
geometry,4.615,1
geometry,4.616,4
geometry,4.617,2
geometry,4.618,6
geometry,4.619,3
geometry,4.62,5
geometry,4.621,5
geometry,4.622,4
geometry,4.623,6
geometry,4.624,5
geometry,4.625,2
geometry,4.626,2
geometry,4.627,4
geometry,4.628,8
geometry,4.629,7
geometry,4.63,4
geometry,4.632,6
geometry,4.633,3
geometry,4.634,3
geometry,4.635,1
geometry,4.636,4
geometry,4.637,3
geometry,4.638,8
geometry,4.639,4
geometry,4.64,5
geometry,4.641,3
geometry,4.642,3
geometry,4.643,4
geometry,4.644,4
geometry,4.645,2
geometry,4.646,4
geometry,4.647,1
geometry,4.648,2
geometry,4.649,9
geometry,4.65,5
geometry,4.651,4
geometry,4.652,7
geometry,4.653,1
geometry,4.654,5
geometry,4.655,4
geometry,4.656,3
geometry,4.657,5
geometry,4.658,3
geometry,4.659,3
geometry,4.66,5
geometry,4.661,4
geometry,4.662,6
geometry,4.663,6
geometry,4.664,4
geometry,4.665,2
geometry,4.666,3
geometry,4.667,4
geometry,4.668,3
geometry,4.669,3
geometry,4.67,1
geometry,4.671,4
geometry,4.672,5
geometry,4.673,4
geometry,4.674,3
geometry,4.675,4
geometry,4.676,3
geometry,4.677,3
geometry,4.678,3
geometry,4.679,5
geometry,4.68,2
geometry,4.681,6
geometry,4.682,4
geometry,4.683,2
geometry,4.684,1
geometry,4.685,6
geometry,4.686,5
geometry,4.687,2
geometry,4.688,3
geometry,4.689,3
geometry,4.69,4
geometry,4.691,3
geometry,4.692,4
geometry,4.693,3
geometry,4.694,3
geometry,4.695,5
geometry,4.696,4
geometry,4.697,5
geometry,4.698,1
geometry,4.699,3
geometry,4.7,5
geometry,4.701,5
geometry,4.702,2
geometry,4.703,2
geometry,4.704,2
geometry,4.705,5
geometry,4.706,5
geometry,4.707,5
geometry,4.708,3
geometry,4.709,3
geometry,4.71,2
geometry,4.712,3
geometry,4.713,3
geometry,4.714,4
geometry,4.715,4
geometry,4.716,4
geometry,4.717,2
geometry,4.718,4
geometry,4.719,5
geometry,4.72,4
geometry,4.721,4
geometry,4.722,3
geometry,4.723,1
geometry,4.724,4
geometry,4.725,2
geometry,4.726,3
geometry,4.728,4
geometry,4.729,2
geometry,4.73,1
geometry,4.732,2
geometry,4.734,3
geometry,4.735,2
geometry,4.736,2
geometry,4.737,3
geometry,4.738,3
geometry,4.74,4
geometry,4.741,2
geometry,4.742,4
geometry,4.743,4
geometry,4.744,1
geometry,4.745,5
geometry,4.746,3
geometry,4.747,5
geometry,4.748,3
geometry,4.749,6
geometry,4.75,6
geometry,4.751,2
geometry,4.752,1
geometry,4.753,3
geometry,4.754,2
geometry,4.755,5
geometry,4.756,1
geometry,4.757,4
geometry,4.758,5
geometry,4.759,4
geometry,4.76,2
geometry,4.761,5
geometry,4.762,1
geometry,4.763,1
geometry,4.764,3
geometry,4.765,3
geometry,4.766,4
geometry,4.768,3
geometry,4.769,6
geometry,4.77,2
geometry,4.771,3
geometry,4.772,1
geometry,4.773,4
geometry,4.774,5
geometry,4.775,1
geometry,4.776,8
geometry,4.777,1
geometry,4.778,1
geometry,4.78,3
geometry,4.781,6
geometry,4.782,3
geometry,4.783,5
geometry,4.784,1
geometry,4.785,2
geometry,4.786,3
geometry,4.787,3
geometry,4.788,3
geometry,4.789,2
geometry,4.79,1
geometry,4.791,3
geometry,4.792,3
geometry,4.793,4
geometry,4.794,1
geometry,4.795,4
geometry,4.796,6
geometry,4.797,3
geometry,4.798,4
geometry,4.799,3
geometry,4.8,6
geometry,4.801,5
geometry,4.802,3
geometry,4.804,2
geometry,4.805,2
geometry,4.806,1
geometry,4.807,1
geometry,4.808,4
geometry,4.809,4
geometry,4.81,6
geometry,4.811,1
geometry,4.812,1
geometry,4.813,2
geometry,4.814,5
geometry,4.815,5
geometry,4.816,1
geometry,4.817,2
geometry,4.818,2
geometry,4.819,6
geometry,4.82,2
geometry,4.822,1
geometry,4.823,1
geometry,4.824,5
geometry,4.825,4
geometry,4.826,2
geometry,4.827,4
geometry,4.828,3
geometry,4.829,2
geometry,4.831,1
geometry,4.832,2
geometry,4.833,5
geometry,4.834,4
geometry,4.835,1
geometry,4.836,4
geometry,4.837,4
geometry,4.838,2
geometry,4.839,6
geometry,4.84,2
geometry,4.841,6
geometry,4.842,3
geometry,4.843,2
geometry,4.844,2
geometry,4.845,1
geometry,4.846,5
geometry,4.847,1
geometry,4.848,1
geometry,4.849,2
geometry,4.85,1
geometry,4.851,1
geometry,4.853,1
geometry,4.854,3
geometry,4.855,2
geometry,4.856,2
geometry,4.857,2
geometry,4.858,1
geometry,4.859,4
geometry,4.86,2
geometry,4.862,1
geometry,4.863,3
geometry,4.864,4
geometry,4.866,2
geometry,4.867,4
geometry,4.868,2
geometry,4.869,1
geometry,4.87,4
geometry,4.871,3
geometry,4.872,3
geometry,4.873,2
geometry,4.874,3
geometry,4.875,3
geometry,4.876,2
geometry,4.877,6
geometry,4.878,1
geometry,4.879,2
geometry,4.88,2
geometry,4.881,8
geometry,4.882,2
geometry,4.883,6
geometry,4.884,1
geometry,4.885,2
geometry,4.886,1
geometry,4.887,3
geometry,4.888,4
geometry,4.889,3
geometry,4.89,3
geometry,4.891,1
geometry,4.892,5
geometry,4.894,3
geometry,4.895,5
geometry,4.896,4
geometry,4.897,2
geometry,4.898,4
geometry,4.899,1
geometry,4.9,2
geometry,4.901,1
geometry,4.902,1
geometry,4.903,1
geometry,4.904,4
geometry,4.905,3
geometry,4.906,4
geometry,4.907,5
geometry,4.908,6
geometry,4.91,1
geometry,4.912,2
geometry,4.913,3
geometry,4.914,1
geometry,4.915,5
geometry,4.916,1
geometry,4.917,1
geometry,4.918,2
geometry,4.919,2
geometry,4.92,2
geometry,4.921,2
geometry,4.922,2
geometry,4.924,7
geometry,4.925,2
geometry,4.926,4
geometry,4.927,2
geometry,4.928,5
geometry,4.93,3
geometry,4.931,1
geometry,4.932,4
geometry,4.933,3
geometry,4.934,1
geometry,4.935,5
geometry,4.936,2
geometry,4.937,2
geometry,4.938,5
geometry,4.939,1
geometry,4.94,3
geometry,4.941,2
geometry,4.942,2
geometry,4.943,2
geometry,4.944,3
geometry,4.945,2
geometry,4.947,3
geometry,4.948,2
geometry,4.949,1
geometry,4.95,1
geometry,4.951,2
geometry,4.952,1
geometry,4.953,4
geometry,4.954,2
geometry,4.955,4
geometry,4.956,3
geometry,4.957,1
geometry,4.958,6
geometry,4.959,1
geometry,4.96,1
geometry,4.961,1
geometry,4.962,2
geometry,4.963,3
geometry,4.964,2
geometry,4.965,2
geometry,4.966,3
geometry,4.968,1
geometry,4.969,3
geometry,4.97,4
geometry,4.971,1
geometry,4.972,6
geometry,4.973,5
geometry,4.974,3
geometry,4.975,1
geometry,4.976,1
geometry,4.977,4
geometry,4.979,1
geometry,4.98,4
geometry,4.981,3
geometry,4.982,2
geometry,4.983,1
geometry,4.984,3
geometry,4.985,2
geometry,4.986,3
geometry,4.988,2
geometry,4.989,3
geometry,4.99,1
geometry,4.991,1
geometry,4.992,1
geometry,4.993,3
geometry,4.994,3
geometry,4.997,4
geometry,4.998,1
geometry,4.999,2
geometry,5.001,1
geometry,5.002,3
geometry,5.003,1
geometry,5.004,3
geometry,5.005,1
geometry,5.006,4
geometry,5.007,3
geometry,5.008,3
geometry,5.009,3
geometry,5.01,5
geometry,5.011,2
geometry,5.014,5
geometry,5.015,4
geometry,5.016,4
geometry,5.017,2
geometry,5.018,2
geometry,5.019,1
geometry,5.02,1
geometry,5.021,3
geometry,5.022,4
geometry,5.023,1
geometry,5.024,2
geometry,5.026,2
geometry,5.027,1
geometry,5.028,1
geometry,5.029,1
geometry,5.03,1
geometry,5.031,3
geometry,5.032,5
geometry,5.033,3
geometry,5.034,3
geometry,5.035,2
geometry,5.036,1
geometry,5.037,2
geometry,5.038,5
geometry,5.039,4
geometry,5.04,6
geometry,5.041,5
geometry,5.042,5
geometry,5.043,2
geometry,5.044,2
geometry,5.045,3
geometry,5.046,2
geometry,5.047,1
geometry,5.048,1
geometry,5.05,2
geometry,5.051,5
geometry,5.053,3
geometry,5.054,4
geometry,5.055,1
geometry,5.056,2
geometry,5.058,2
geometry,5.059,1
geometry,5.06,1
geometry,5.061,1
geometry,5.062,2
geometry,5.063,4
geometry,5.064,4
geometry,5.065,3
geometry,5.066,4
geometry,5.067,2
geometry,5.068,3
geometry,5.069,5
geometry,5.07,2
geometry,5.072,6
geometry,5.073,3
geometry,5.074,4
geometry,5.075,2
geometry,5.076,2
geometry,5.077,5
geometry,5.078,4
geometry,5.079,2
geometry,5.08,2
geometry,5.081,2
geometry,5.082,4
geometry,5.083,1
geometry,5.084,3
geometry,5.085,3
geometry,5.087,2
geometry,5.088,3
geometry,5.089,3
geometry,5.09,3
geometry,5.091,2
geometry,5.093,3
geometry,5.094,5
geometry,5.095,1
geometry,5.096,5
geometry,5.097,2
geometry,5.098,2
geometry,5.1,2
geometry,5.101,3
geometry,5.102,3
geometry,5.103,4
geometry,5.104,3
geometry,5.107,3
geometry,5.108,4
geometry,5.109,2
geometry,5.11,3
geometry,5.111,3
geometry,5.112,2
geometry,5.113,1
geometry,5.114,3
geometry,5.115,2
geometry,5.116,2
geometry,5.117,3
geometry,5.118,5
geometry,5.119,2
geometry,5.12,5
geometry,5.121,5
geometry,5.122,1
geometry,5.124,5
geometry,5.125,3
geometry,5.126,2
geometry,5.127,1
geometry,5.128,1
geometry,5.129,2
geometry,5.13,1
geometry,5.131,1
geometry,5.132,2
geometry,5.133,2
geometry,5.134,1
geometry,5.135,1
geometry,5.136,1
geometry,5.137,5
geometry,5.138,3
geometry,5.139,4
geometry,5.14,3
geometry,5.141,2
geometry,5.142,1
geometry,5.143,3
geometry,5.144,2
geometry,5.145,1
geometry,5.146,1
geometry,5.147,6
geometry,5.148,1
geometry,5.149,4
geometry,5.152,1
geometry,5.153,2
geometry,5.156,2
geometry,5.157,1
geometry,5.158,1
geometry,5.159,2
geometry,5.16,1
geometry,5.161,3
geometry,5.162,1
geometry,5.163,1
geometry,5.164,4
geometry,5.165,3
geometry,5.166,1
geometry,5.167,6
geometry,5.169,3
geometry,5.17,3
geometry,5.171,3
geometry,5.172,5
geometry,5.173,1
geometry,5.174,1
geometry,5.175,2
geometry,5.176,1
geometry,5.177,2
geometry,5.178,1
geometry,5.179,3
geometry,5.18,2
geometry,5.181,2
geometry,5.182,1
geometry,5.183,3
geometry,5.184,2
geometry,5.185,2
geometry,5.186,4
geometry,5.187,4
geometry,5.188,3
geometry,5.189,3
geometry,5.19,8
geometry,5.191,1
geometry,5.192,1
geometry,5.193,1
geometry,5.194,1
geometry,5.195,4
geometry,5.196,1
geometry,5.197,3
geometry,5.198,2
geometry,5.199,7
geometry,5.2,3
geometry,5.201,5
geometry,5.202,2
geometry,5.203,3
geometry,5.205,1
geometry,5.206,2
geometry,5.207,2
geometry,5.208,3
geometry,5.209,3
geometry,5.21,3
geometry,5.211,3
geometry,5.212,1
geometry,5.213,2
geometry,5.215,2
geometry,5.216,3
geometry,5.217,1
geometry,5.218,4
geometry,5.219,1
geometry,5.22,2
geometry,5.221,2
geometry,5.222,2
geometry,5.223,2
geometry,5.224,1
geometry,5.225,3
geometry,5.226,2
geometry,5.227,2
geometry,5.228,5
geometry,5.229,2
geometry,5.231,1
geometry,5.232,4
geometry,5.233,4
geometry,5.234,3
geometry,5.235,1
geometry,5.236,1
geometry,5.237,3
geometry,5.238,3
geometry,5.239,3
geometry,5.24,2
geometry,5.242,5
geometry,5.244,1
geometry,5.245,3
geometry,5.246,2
geometry,5.247,2
geometry,5.248,1
geometry,5.249,1
geometry,5.25,3
geometry,5.251,3
geometry,5.252,2
geometry,5.254,1
geometry,5.255,3
geometry,5.256,1
geometry,5.257,2
geometry,5.258,1
geometry,5.26,1
geometry,5.261,3
geometry,5.262,3
geometry,5.263,2
geometry,5.264,1
geometry,5.265,1
geometry,5.266,2
geometry,5.267,1
geometry,5.268,3
geometry,5.269,1
geometry,5.27,1
geometry,5.271,3
geometry,5.272,1
geometry,5.273,2
geometry,5.274,5
geometry,5.275,2
geometry,5.276,4
geometry,5.278,1
geometry,5.279,3
geometry,5.28,1
geometry,5.281,3
geometry,5.283,4
geometry,5.284,2
geometry,5.285,4
geometry,5.286,1
geometry,5.287,2
geometry,5.288,2
geometry,5.289,1
geometry,5.29,2
geometry,5.291,3
geometry,5.292,1
geometry,5.293,4
geometry,5.296,1
geometry,5.297,1
geometry,5.298,1
geometry,5.299,2
geometry,5.3,4
geometry,5.301,1
geometry,5.302,4
geometry,5.303,3
geometry,5.304,1
geometry,5.305,1
geometry,5.306,4
geometry,5.307,4
geometry,5.308,2
geometry,5.309,5
geometry,5.31,1
geometry,5.311,2
geometry,5.312,4
geometry,5.313,1
geometry,5.314,1
geometry,5.315,1
geometry,5.317,4
geometry,5.318,3
geometry,5.319,2
geometry,5.32,3
geometry,5.321,1
geometry,5.322,2
geometry,5.323,1
geometry,5.324,1
geometry,5.325,4
geometry,5.326,4
geometry,5.327,3
geometry,5.328,2
geometry,5.329,2
geometry,5.33,3
geometry,5.331,4
geometry,5.332,1
geometry,5.333,1
geometry,5.334,2
geometry,5.335,4
geometry,5.336,2
geometry,5.337,1
geometry,5.339,4
geometry,5.341,1
geometry,5.342,3
geometry,5.343,1
geometry,5.344,2
geometry,5.345,1
geometry,5.346,1
geometry,5.347,2
geometry,5.348,3
geometry,5.349,1
geometry,5.35,5
geometry,5.351,5
geometry,5.352,2
geometry,5.354,1
geometry,5.355,1
geometry,5.356,2
geometry,5.357,1
geometry,5.358,5
geometry,5.359,1
geometry,5.36,2
geometry,5.361,3
geometry,5.362,2
geometry,5.363,1
geometry,5.364,2
geometry,5.366,1
geometry,5.367,1
geometry,5.368,1
geometry,5.369,2
geometry,5.371,2
geometry,5.372,2
geometry,5.373,2
geometry,5.374,4
geometry,5.375,2
geometry,5.377,3
geometry,5.378,2
geometry,5.381,4
geometry,5.382,3
geometry,5.383,4
geometry,5.385,2
geometry,5.386,4
geometry,5.387,1
geometry,5.388,3
geometry,5.389,2
geometry,5.39,1
geometry,5.391,2
geometry,5.392,1
geometry,5.393,2
geometry,5.394,3
geometry,5.395,3
geometry,5.396,2
geometry,5.397,1
geometry,5.399,1
geometry,5.4,2
geometry,5.401,4
geometry,5.403,4
geometry,5.404,1
geometry,5.405,2
geometry,5.408,3
geometry,5.409,1
geometry,5.41,3
geometry,5.411,1
geometry,5.412,2
geometry,5.413,2
geometry,5.414,3
geometry,5.416,3
geometry,5.417,3
geometry,5.418,2
geometry,5.419,3
geometry,5.42,6
geometry,5.422,4
geometry,5.423,1
geometry,5.425,3
geometry,5.426,1
geometry,5.427,3
geometry,5.428,1
geometry,5.429,5
geometry,5.43,1
geometry,5.431,3
geometry,5.432,2
geometry,5.433,4
geometry,5.434,2
geometry,5.435,1
geometry,5.436,3
geometry,5.437,1
geometry,5.438,1
geometry,5.439,6
geometry,5.441,1
geometry,5.442,2
geometry,5.443,3
geometry,5.446,4
geometry,5.447,1
geometry,5.448,1
geometry,5.449,1
geometry,5.45,1
geometry,5.452,2
geometry,5.453,1
geometry,5.454,3
geometry,5.455,1
geometry,5.456,1
geometry,5.457,1
geometry,5.458,2
geometry,5.459,2
geometry,5.461,3
geometry,5.463,1
geometry,5.464,1
geometry,5.465,3
geometry,5.466,2
geometry,5.467,3
geometry,5.468,1
geometry,5.469,1
geometry,5.47,2
geometry,5.471,1
geometry,5.472,4
geometry,5.473,2
geometry,5.474,2
geometry,5.475,1
geometry,5.476,1
geometry,5.477,2
geometry,5.478,2
geometry,5.479,2
geometry,5.48,3
geometry,5.481,4
geometry,5.483,1
geometry,5.484,4
geometry,5.486,2
geometry,5.487,2
geometry,5.488,3
geometry,5.489,3
geometry,5.49,1
geometry,5.491,1
geometry,5.492,6
geometry,5.494,1
geometry,5.495,3
geometry,5.496,2
geometry,5.497,2
geometry,5.498,5
geometry,5.499,3
geometry,5.5,1
geometry,5.501,1
geometry,5.502,2
geometry,5.503,1
geometry,5.504,1
geometry,5.505,2
geometry,5.506,1
geometry,5.507,4
geometry,5.511,3
geometry,5.514,2
geometry,5.515,3
geometry,5.516,7
geometry,5.518,2
geometry,5.521,1
geometry,5.522,2
geometry,5.523,3
geometry,5.524,3
geometry,5.525,2
geometry,5.526,2
geometry,5.527,2
geometry,5.528,1
geometry,5.53,1
geometry,5.531,3
geometry,5.532,6
geometry,5.533,2
geometry,5.534,1
geometry,5.536,2
geometry,5.538,1
geometry,5.539,2
geometry,5.54,2
geometry,5.542,3
geometry,5.543,2
geometry,5.544,2
geometry,5.545,1
geometry,5.546,2
geometry,5.547,1
geometry,5.548,2
geometry,5.549,1
geometry,5.55,2
geometry,5.552,2
geometry,5.553,3
geometry,5.554,1
geometry,5.555,2
geometry,5.557,1
geometry,5.558,2
geometry,5.559,1
geometry,5.56,3
geometry,5.562,1
geometry,5.563,1
geometry,5.565,1
geometry,5.567,2
geometry,5.568,5
geometry,5.569,3
geometry,5.57,2
geometry,5.571,2
geometry,5.572,1
geometry,5.573,4
geometry,5.574,5
geometry,5.575,1
geometry,5.576,2
geometry,5.577,2
geometry,5.578,1
geometry,5.579,1
geometry,5.58,1
geometry,5.581,3
geometry,5.582,2
geometry,5.583,2
geometry,5.584,1
geometry,5.586,3
geometry,5.587,1
geometry,5.588,1
geometry,5.59,3
geometry,5.592,1
geometry,5.593,1
geometry,5.594,2
geometry,5.595,3
geometry,5.596,3
geometry,5.597,3
geometry,5.598,5
geometry,5.6,1
geometry,5.601,3
geometry,5.602,2
geometry,5.603,1
geometry,5.605,3
geometry,5.606,2
geometry,5.607,2
geometry,5.608,3
geometry,5.609,2
geometry,5.61,2
geometry,5.611,2
geometry,5.612,3
geometry,5.613,3
geometry,5.614,2
geometry,5.615,5
geometry,5.616,5
geometry,5.617,1
geometry,5.618,1
geometry,5.619,3
geometry,5.62,4
geometry,5.621,3
geometry,5.622,2
geometry,5.624,3
geometry,5.625,1
geometry,5.626,4
geometry,5.627,4
geometry,5.628,2
geometry,5.629,1
geometry,5.63,3
geometry,5.631,2
geometry,5.632,1
geometry,5.633,1
geometry,5.634,2
geometry,5.635,2
geometry,5.636,3
geometry,5.637,1
geometry,5.638,2
geometry,5.64,1
geometry,5.642,2
geometry,5.643,1
geometry,5.644,2
geometry,5.645,3
geometry,5.647,1
geometry,5.648,1
geometry,5.649,3
geometry,5.651,6
geometry,5.653,5
geometry,5.654,1
geometry,5.655,3
geometry,5.656,2
geometry,5.657,1
geometry,5.658,1
geometry,5.659,2
geometry,5.66,3
geometry,5.661,2
geometry,5.662,2
geometry,5.663,3
geometry,5.664,2
geometry,5.665,2
geometry,5.666,3
geometry,5.667,2
geometry,5.668,1
geometry,5.669,2
geometry,5.67,3
geometry,5.671,1
geometry,5.673,2
geometry,5.674,1
geometry,5.675,5
geometry,5.676,1
geometry,5.677,1
geometry,5.678,3
geometry,5.679,1
geometry,5.68,1
geometry,5.681,2
geometry,5.682,2
geometry,5.683,1
geometry,5.684,3
geometry,5.686,1
geometry,5.688,4
geometry,5.689,3
geometry,5.69,2
geometry,5.691,2
geometry,5.692,4
geometry,5.693,4
geometry,5.694,1
geometry,5.695,1
geometry,5.697,1
geometry,5.698,1
geometry,5.699,2
geometry,5.7,5
geometry,5.702,1
geometry,5.703,1
geometry,5.704,4
geometry,5.706,2
geometry,5.707,2
geometry,5.708,1
geometry,5.709,2
geometry,5.71,2
geometry,5.712,2
geometry,5.715,2
geometry,5.716,3
geometry,5.717,1
geometry,5.718,1
geometry,5.719,2
geometry,5.72,4
geometry,5.721,3
geometry,5.722,1
geometry,5.723,2
geometry,5.724,4
geometry,5.725,3
geometry,5.726,2
geometry,5.727,1
geometry,5.728,2
geometry,5.729,3
geometry,5.73,1
geometry,5.731,1
geometry,5.734,3
geometry,5.736,4
geometry,5.737,2
geometry,5.738,3
geometry,5.74,1
geometry,5.741,1
geometry,5.742,1
geometry,5.744,1
geometry,5.746,3
geometry,5.747,2
geometry,5.748,1
geometry,5.749,1
geometry,5.75,1
geometry,5.751,4
geometry,5.753,2
geometry,5.754,3
geometry,5.755,1
geometry,5.757,4
geometry,5.759,2
geometry,5.764,1
geometry,5.765,2
geometry,5.766,2
geometry,5.767,1
geometry,5.768,1
geometry,5.769,1
geometry,5.77,1
geometry,5.771,2
geometry,5.772,1
geometry,5.774,1
geometry,5.775,1
geometry,5.777,4
geometry,5.778,3
geometry,5.78,1
geometry,5.781,2
geometry,5.783,1
geometry,5.784,1
geometry,5.785,1
geometry,5.786,2
geometry,5.787,1
geometry,5.788,1
geometry,5.789,2
geometry,5.79,2
geometry,5.791,4
geometry,5.792,2
geometry,5.793,1
geometry,5.794,2
geometry,5.795,3
geometry,5.796,2
geometry,5.797,1
geometry,5.798,2
geometry,5.799,1
geometry,5.801,1
geometry,5.802,6
geometry,5.803,2
geometry,5.804,3
geometry,5.805,2
geometry,5.806,2
geometry,5.807,3
geometry,5.808,1
geometry,5.81,3
geometry,5.812,3
geometry,5.813,3
geometry,5.814,2
geometry,5.815,2
geometry,5.816,3
geometry,5.817,2
geometry,5.818,1
geometry,5.819,2
geometry,5.82,1
geometry,5.821,2
geometry,5.822,2
geometry,5.823,3
geometry,5.824,2
geometry,5.825,1
geometry,5.826,1
geometry,5.827,3
geometry,5.828,2
geometry,5.829,3
geometry,5.831,1
geometry,5.833,2
geometry,5.834,4
geometry,5.836,1
geometry,5.837,1
geometry,5.84,1
geometry,5.841,4
geometry,5.842,2
geometry,5.844,1
geometry,5.845,1
geometry,5.846,1
geometry,5.847,1
geometry,5.848,3
geometry,5.849,1
geometry,5.85,6
geometry,5.851,2
geometry,5.853,3
geometry,5.854,2
geometry,5.856,1
geometry,5.857,3
geometry,5.858,1
geometry,5.859,1
geometry,5.86,1
geometry,5.861,2
geometry,5.862,2
geometry,5.863,3
geometry,5.865,1
geometry,5.866,1
geometry,5.868,2
geometry,5.869,3
geometry,5.87,2
geometry,5.871,1
geometry,5.872,2
geometry,5.875,4
geometry,5.876,2
geometry,5.877,3
geometry,5.878,2
geometry,5.879,3
geometry,5.881,1
geometry,5.882,1
geometry,5.883,3
geometry,5.885,1
geometry,5.886,1
geometry,5.888,1
geometry,5.889,1
geometry,5.89,2
geometry,5.891,2
geometry,5.892,2
geometry,5.895,1
geometry,5.896,1
geometry,5.897,2
geometry,5.898,1
geometry,5.899,3
geometry,5.9,2
geometry,5.901,1
geometry,5.902,1
geometry,5.903,1
geometry,5.904,1
geometry,5.905,2
geometry,5.906,1
geometry,5.907,2
geometry,5.909,1
geometry,5.91,6
geometry,5.911,1
geometry,5.912,1
geometry,5.913,2
geometry,5.915,2
geometry,5.917,3
geometry,5.918,3
geometry,5.919,4
geometry,5.92,1
geometry,5.922,2
geometry,5.923,1
geometry,5.925,3
geometry,5.928,1
geometry,5.929,1
geometry,5.93,1
geometry,5.931,3
geometry,5.932,1
geometry,5.934,1
geometry,5.935,2
geometry,5.936,1
geometry,5.938,1
geometry,5.939,1
geometry,5.941,2
geometry,5.942,1
geometry,5.944,1
geometry,5.945,2
geometry,5.947,1
geometry,5.948,2
geometry,5.949,3
geometry,5.95,2
geometry,5.951,3
geometry,5.952,1
geometry,5.953,4
geometry,5.954,1
geometry,5.955,1
geometry,5.956,2
geometry,5.958,1
geometry,5.959,4
geometry,5.96,1
geometry,5.961,3
geometry,5.962,1
geometry,5.964,1
geometry,5.965,2
geometry,5.967,1
geometry,5.968,2
geometry,5.969,1
geometry,5.971,1
geometry,5.972,1
geometry,5.973,3
geometry,5.975,3
geometry,5.976,1
geometry,5.977,1
geometry,5.978,1
geometry,5.979,3
geometry,5.98,1
geometry,5.981,1
geometry,5.982,3
geometry,5.983,1
geometry,5.984,2
geometry,5.985,1
geometry,5.986,1
geometry,5.987,5
geometry,5.988,2
geometry,5.99,4
geometry,5.991,3
geometry,5.992,1
geometry,5.993,3
geometry,5.994,2
geometry,5.995,3
geometry,5.996,1
geometry,5.997,4
geometry,5.998,1
geometry,5.999,2
geometry,6.001,1
geometry,6.003,2
geometry,6.005,1
geometry,6.006,1
geometry,6.007,3
geometry,6.008,2
geometry,6.01,4
geometry,6.011,4
geometry,6.013,3
geometry,6.014,2
geometry,6.015,1
geometry,6.016,3
geometry,6.017,1
geometry,6.018,3
geometry,6.019,1
geometry,6.02,2
geometry,6.021,2
geometry,6.022,1
geometry,6.024,3
geometry,6.026,1
geometry,6.027,1
geometry,6.028,1
geometry,6.029,1
geometry,6.031,2
geometry,6.032,3
geometry,6.033,3
geometry,6.034,2
geometry,6.036,2
geometry,6.037,2
geometry,6.039,2
geometry,6.041,2
geometry,6.042,3
geometry,6.043,1
geometry,6.044,2
geometry,6.045,2
geometry,6.046,3
geometry,6.047,1
geometry,6.049,3
geometry,6.05,6
geometry,6.051,1
geometry,6.052,1
geometry,6.053,1
geometry,6.054,3
geometry,6.056,3
geometry,6.058,1
geometry,6.059,2
geometry,6.06,1
geometry,6.061,3
geometry,6.062,1
geometry,6.064,1
geometry,6.065,5
geometry,6.066,1
geometry,6.069,2
geometry,6.07,2
geometry,6.071,3
geometry,6.075,2
geometry,6.076,1
geometry,6.078,2
geometry,6.079,1
geometry,6.08,1
geometry,6.081,1
geometry,6.082,1
geometry,6.083,3
geometry,6.085,1
geometry,6.086,2
geometry,6.087,1
geometry,6.088,1
geometry,6.089,2
geometry,6.091,2
geometry,6.093,2
geometry,6.095,2
geometry,6.096,2
geometry,6.097,1
geometry,6.098,2
geometry,6.099,4
geometry,6.101,1
geometry,6.102,1
geometry,6.105,1
geometry,6.107,1
geometry,6.108,1
geometry,6.111,2
geometry,6.113,1
geometry,6.114,1
geometry,6.115,1
geometry,6.116,1
geometry,6.117,1
geometry,6.118,1
geometry,6.119,1
geometry,6.122,2
geometry,6.124,1
geometry,6.125,2
geometry,6.127,2
geometry,6.129,1
geometry,6.13,1
geometry,6.131,1
geometry,6.132,1
geometry,6.135,1
geometry,6.136,3
geometry,6.137,1
geometry,6.138,3
geometry,6.139,1
geometry,6.141,1
geometry,6.142,1
geometry,6.143,2
geometry,6.144,1
geometry,6.145,1
geometry,6.148,1
geometry,6.149,2
geometry,6.15,1
geometry,6.151,1
geometry,6.152,2
geometry,6.153,3
geometry,6.156,1
geometry,6.157,4
geometry,6.158,2
geometry,6.159,1
geometry,6.162,2
geometry,6.165,6
geometry,6.166,1
geometry,6.169,2
geometry,6.17,2
geometry,6.171,3
geometry,6.172,2
geometry,6.173,1
geometry,6.174,2
geometry,6.175,4
geometry,6.176,1
geometry,6.177,1
geometry,6.181,2
geometry,6.182,1
geometry,6.183,1
geometry,6.185,1
geometry,6.188,1
geometry,6.189,2
geometry,6.19,1
geometry,6.191,1
geometry,6.192,1
geometry,6.193,1
geometry,6.195,1
geometry,6.196,1
geometry,6.198,1
geometry,6.199,1
geometry,6.2,1
geometry,6.201,1
geometry,6.203,3
geometry,6.204,2
geometry,6.205,1
geometry,6.206,1
geometry,6.208,2
geometry,6.21,1
geometry,6.212,1
geometry,6.213,1
geometry,6.215,2
geometry,6.217,2
geometry,6.218,1
geometry,6.219,2
geometry,6.22,2
geometry,6.221,3
geometry,6.222,1
geometry,6.223,2
geometry,6.224,1
geometry,6.225,1
geometry,6.227,1
geometry,6.228,1
geometry,6.229,1
geometry,6.231,2
geometry,6.232,3
geometry,6.233,3
geometry,6.234,2
geometry,6.236,2
geometry,6.237,1
geometry,6.238,3
geometry,6.24,1
geometry,6.241,1
geometry,6.242,1
geometry,6.244,1
geometry,6.246,2
geometry,6.247,2
geometry,6.248,2
geometry,6.249,1
geometry,6.25,1
geometry,6.253,5
geometry,6.254,1
geometry,6.255,3
geometry,6.258,1
geometry,6.259,1
geometry,6.26,2
geometry,6.261,1
geometry,6.264,1
geometry,6.265,1
geometry,6.266,3
geometry,6.267,2
geometry,6.268,1
geometry,6.27,1
geometry,6.271,2
geometry,6.272,1
geometry,6.274,1
geometry,6.276,1
geometry,6.278,1
geometry,6.282,1
geometry,6.284,1
geometry,6.288,1
geometry,6.29,2
geometry,6.292,3
geometry,6.293,2
geometry,6.295,1
geometry,6.297,2
geometry,6.298,1
geometry,6.3,4
geometry,6.301,5
geometry,6.302,3
geometry,6.303,3
geometry,6.305,1
geometry,6.307,2
geometry,6.31,1
geometry,6.314,3
geometry,6.316,1
geometry,6.317,1
geometry,6.318,1
geometry,6.319,5
geometry,6.32,1
geometry,6.322,2
geometry,6.323,2
geometry,6.329,1
geometry,6.33,1
geometry,6.332,2
geometry,6.333,2
geometry,6.335,1
geometry,6.336,1
geometry,6.337,1
geometry,6.338,1
geometry,6.342,2
geometry,6.343,1
geometry,6.346,1
geometry,6.347,2
geometry,6.35,2
geometry,6.351,1
geometry,6.353,2
geometry,6.354,1
geometry,6.355,2
geometry,6.356,2
geometry,6.357,2
geometry,6.358,1
geometry,6.36,2
geometry,6.362,1
geometry,6.364,1
geometry,6.365,2
geometry,6.366,4
geometry,6.368,1
geometry,6.369,1
geometry,6.371,2
geometry,6.372,1
geometry,6.373,4
geometry,6.374,2
geometry,6.375,1
geometry,6.376,1
geometry,6.378,2
geometry,6.379,1
geometry,6.381,1
geometry,6.382,1
geometry,6.385,1
geometry,6.386,2
geometry,6.389,3
geometry,6.39,5
geometry,6.392,1
geometry,6.394,1
geometry,6.395,1
geometry,6.396,2
geometry,6.397,1
geometry,6.398,1
geometry,6.4,1
geometry,6.401,2
geometry,6.402,2
geometry,6.405,2
geometry,6.406,1
geometry,6.407,3
geometry,6.408,1
geometry,6.409,2
geometry,6.411,1
geometry,6.412,3
geometry,6.413,3
geometry,6.415,1
geometry,6.416,1
geometry,6.417,4
geometry,6.418,1
geometry,6.419,1
geometry,6.42,1
geometry,6.421,1
geometry,6.422,1
geometry,6.424,3
geometry,6.425,3
geometry,6.426,1
geometry,6.428,2
geometry,6.429,1
geometry,6.431,2
geometry,6.432,2
geometry,6.434,1
geometry,6.435,1
geometry,6.436,1
geometry,6.437,1
geometry,6.44,1
geometry,6.441,1
geometry,6.442,1
geometry,6.443,1
geometry,6.449,1
geometry,6.45,1
geometry,6.451,2
geometry,6.454,2
geometry,6.455,1
geometry,6.458,1
geometry,6.459,2
geometry,6.461,1
geometry,6.462,2
geometry,6.463,2
geometry,6.465,3
geometry,6.466,1
geometry,6.471,3
geometry,6.472,1
geometry,6.474,1
geometry,6.475,1
geometry,6.478,4
geometry,6.479,6
geometry,6.48,3
geometry,6.481,1
geometry,6.485,2
geometry,6.486,1
geometry,6.487,2
geometry,6.488,1
geometry,6.49,4
geometry,6.491,1
geometry,6.493,1
geometry,6.494,2
geometry,6.495,2
geometry,6.497,1
geometry,6.5,4
geometry,6.502,1
geometry,6.503,1
geometry,6.504,1
geometry,6.505,2
geometry,6.507,4
geometry,6.508,2
geometry,6.509,1
geometry,6.511,2
geometry,6.513,1
geometry,6.514,1
geometry,6.515,1
geometry,6.517,1
geometry,6.518,3
geometry,6.52,1
geometry,6.521,2
geometry,6.522,1
geometry,6.524,2
geometry,6.525,1
geometry,6.526,2
geometry,6.527,1
geometry,6.528,2
geometry,6.529,2
geometry,6.53,2
geometry,6.531,2
geometry,6.532,2
geometry,6.533,2
geometry,6.535,1
geometry,6.539,1
geometry,6.54,1
geometry,6.541,2
geometry,6.542,1
geometry,6.543,2
geometry,6.544,1
geometry,6.545,4
geometry,6.547,3
geometry,6.549,1
geometry,6.55,2
geometry,6.552,1
geometry,6.553,2
geometry,6.555,2
geometry,6.556,1
geometry,6.557,2
geometry,6.558,1
geometry,6.559,2
geometry,6.561,1
geometry,6.563,1
geometry,6.564,1
geometry,6.565,1
geometry,6.566,1
geometry,6.567,5
geometry,6.57,1
geometry,6.571,1
geometry,6.572,1
geometry,6.573,2
geometry,6.574,1
geometry,6.575,2
geometry,6.579,2
geometry,6.58,2
geometry,6.583,1
geometry,6.585,2
geometry,6.586,2
geometry,6.588,1
geometry,6.59,1
geometry,6.591,1
geometry,6.592,1
geometry,6.594,1
geometry,6.596,2
geometry,6.597,1
geometry,6.598,1
geometry,6.599,3
geometry,6.601,2
geometry,6.602,1
geometry,6.603,1
geometry,6.604,1
geometry,6.607,2
geometry,6.609,1
geometry,6.611,1
geometry,6.612,1
geometry,6.614,2
geometry,6.615,5
geometry,6.616,1
geometry,6.62,2
geometry,6.622,2
geometry,6.623,1
geometry,6.626,3
geometry,6.63,2
geometry,6.632,1
geometry,6.634,1
geometry,6.636,1
geometry,6.64,2
geometry,6.641,2
geometry,6.643,2
geometry,6.644,1
geometry,6.645,1
geometry,6.646,2
geometry,6.648,1
geometry,6.653,1
geometry,6.654,1
geometry,6.656,1
geometry,6.658,1
geometry,6.659,1
geometry,6.66,1
geometry,6.661,4
geometry,6.662,2
geometry,6.663,1
geometry,6.664,2
geometry,6.667,1
geometry,6.668,2
geometry,6.669,2
geometry,6.671,1
geometry,6.673,5
geometry,6.674,1
geometry,6.675,3
geometry,6.679,1
geometry,6.68,1
geometry,6.681,1
geometry,6.682,1
geometry,6.683,1
geometry,6.687,2
geometry,6.688,1
geometry,6.689,2
geometry,6.691,1
geometry,6.694,1
geometry,6.695,1
geometry,6.698,1
geometry,6.701,1
geometry,6.702,1
geometry,6.703,2
geometry,6.705,2
geometry,6.706,2
geometry,6.708,1
geometry,6.712,2
geometry,6.713,2
geometry,6.715,5
geometry,6.716,1
geometry,6.718,2
geometry,6.719,1
geometry,6.722,1
geometry,6.723,1
geometry,6.725,1
geometry,6.728,1
geometry,6.729,1
geometry,6.73,1
geometry,6.731,2
geometry,6.736,1
geometry,6.737,1
geometry,6.739,2
geometry,6.74,1
geometry,6.741,1
geometry,6.744,1
geometry,6.745,2
geometry,6.746,2
geometry,6.747,1
geometry,6.748,2
geometry,6.749,6
geometry,6.75,1
geometry,6.751,2
geometry,6.752,1
geometry,6.753,2
geometry,6.756,5
geometry,6.757,3
geometry,6.758,3
geometry,6.759,1
geometry,6.76,2
geometry,6.761,2
geometry,6.762,1
geometry,6.764,1
geometry,6.765,2
geometry,6.766,1
geometry,6.767,4
geometry,6.768,2
geometry,6.77,3
geometry,6.771,1
geometry,6.773,2
geometry,6.774,2
geometry,6.775,1
geometry,6.776,1
geometry,6.777,3
geometry,6.778,2
geometry,6.781,1
geometry,6.782,2
geometry,6.784,1
geometry,6.787,1
geometry,6.788,2
geometry,6.789,2
geometry,6.791,1
geometry,6.792,2
geometry,6.793,2
geometry,6.794,1
geometry,6.797,1
geometry,6.798,1
geometry,6.799,2
geometry,6.8,1
geometry,6.803,2
geometry,6.804,2
geometry,6.806,2
geometry,6.807,1
geometry,6.808,1
geometry,6.81,1
geometry,6.811,1
geometry,6.812,2
geometry,6.813,2
geometry,6.816,2
geometry,6.817,1
geometry,6.818,1
geometry,6.82,1
geometry,6.822,1
geometry,6.823,2
geometry,6.824,1
geometry,6.825,1
geometry,6.829,2
geometry,6.83,2
geometry,6.831,2
geometry,6.832,3
geometry,6.834,1
geometry,6.837,1
geometry,6.838,1
geometry,6.84,1
geometry,6.841,1
geometry,6.842,1
geometry,6.844,1
geometry,6.845,1
geometry,6.846,1
geometry,6.847,2
geometry,6.848,1
geometry,6.849,2
geometry,6.851,2
geometry,6.852,2
geometry,6.853,1
geometry,6.854,1
geometry,6.855,1
geometry,6.859,1
geometry,6.86,4
geometry,6.861,1
geometry,6.863,1
geometry,6.865,1
geometry,6.866,1
geometry,6.868,2
geometry,6.87,1
geometry,6.871,3
geometry,6.872,2
geometry,6.873,1
geometry,6.874,3
geometry,6.877,2
geometry,6.879,1
geometry,6.881,1
geometry,6.882,1
geometry,6.884,1
geometry,6.886,2
geometry,6.89,3
geometry,6.893,1
geometry,6.896,1
geometry,6.899,2
geometry,6.905,2
geometry,6.908,1
geometry,6.91,2
geometry,6.913,1
geometry,6.915,1
geometry,6.916,2
geometry,6.917,1
geometry,6.918,1
geometry,6.919,3
geometry,6.92,2
geometry,6.922,1
geometry,6.923,2
geometry,6.925,1
geometry,6.926,1
geometry,6.928,4
geometry,6.929,1
geometry,6.93,1
geometry,6.932,3
geometry,6.936,1
geometry,6.938,1
geometry,6.939,1
geometry,6.94,1
geometry,6.941,1
geometry,6.942,1
geometry,6.944,1
geometry,6.945,1
geometry,6.947,2
geometry,6.948,1
geometry,6.951,1
geometry,6.952,1
geometry,6.953,1
geometry,6.954,1
geometry,6.956,1
geometry,6.958,1
geometry,6.961,1
geometry,6.962,2
geometry,6.964,2
geometry,6.965,3
geometry,6.967,1
geometry,6.968,1
geometry,6.97,1
geometry,6.971,2
geometry,6.972,1
geometry,6.973,1
geometry,6.974,4
geometry,6.975,2
geometry,6.976,1
geometry,6.978,3
geometry,6.98,1
geometry,6.982,2
geometry,6.984,1
geometry,6.985,1
geometry,6.986,1
geometry,6.987,1
geometry,6.988,1
geometry,6.99,1
geometry,6.991,1
geometry,6.992,1
geometry,6.995,1
geometry,6.997,1
geometry,6.998,1
geometry,6.999,2
geometry,7.002,1
geometry,7.006,1
geometry,7.008,2
geometry,7.012,2
geometry,7.013,3
geometry,7.017,1
geometry,7.018,1
geometry,7.02,3
geometry,7.021,2
geometry,7.023,1
geometry,7.024,1
geometry,7.025,1
geometry,7.026,1
geometry,7.031,1
geometry,7.032,4
geometry,7.033,1
geometry,7.035,1
geometry,7.042,2
geometry,7.043,1
geometry,7.045,1
geometry,7.047,2
geometry,7.048,3
geometry,7.049,2
geometry,7.05,1
geometry,7.053,1
geometry,7.054,1
geometry,7.056,1
geometry,7.057,1
geometry,7.058,1
geometry,7.059,1
geometry,7.062,1
geometry,7.063,1
geometry,7.065,2
geometry,7.067,1
geometry,7.068,1
geometry,7.072,1
geometry,7.074,2
geometry,7.075,3
geometry,7.08,1
geometry,7.081,1
geometry,7.082,3
geometry,7.083,1
geometry,7.085,1
geometry,7.086,2
geometry,7.088,3
geometry,7.093,2
geometry,7.095,1
geometry,7.096,2
geometry,7.097,2
geometry,7.098,1
geometry,7.099,1
geometry,7.101,1
geometry,7.104,1
geometry,7.105,1
geometry,7.107,2
geometry,7.108,1
geometry,7.11,1
geometry,7.112,1
geometry,7.113,1
geometry,7.114,1
geometry,7.115,2
geometry,7.117,1
geometry,7.119,1
geometry,7.121,2
geometry,7.126,1
geometry,7.128,2
geometry,7.129,1
geometry,7.13,1
geometry,7.135,3
geometry,7.136,1
geometry,7.139,1
geometry,7.141,2
geometry,7.143,2
geometry,7.145,1
geometry,7.146,1
geometry,7.15,1
geometry,7.153,1
geometry,7.159,1
geometry,7.16,1
geometry,7.161,1
geometry,7.163,2
geometry,7.165,1
geometry,7.167,1
geometry,7.168,1
geometry,7.169,2
geometry,7.171,1
geometry,7.172,1
geometry,7.173,2
geometry,7.179,1
geometry,7.18,1
geometry,7.183,3
geometry,7.184,1
geometry,7.187,1
geometry,7.188,2
geometry,7.189,1
geometry,7.197,1
geometry,7.199,1
geometry,7.203,1
geometry,7.209,1
geometry,7.211,1
geometry,7.213,1
geometry,7.215,2
geometry,7.216,2
geometry,7.217,1
geometry,7.218,1
geometry,7.219,1
geometry,7.22,2
geometry,7.221,1
geometry,7.225,1
geometry,7.23,1
geometry,7.234,1
geometry,7.235,2
geometry,7.239,1
geometry,7.24,1
geometry,7.243,2
geometry,7.244,1
geometry,7.245,2
geometry,7.246,1
geometry,7.247,1
geometry,7.248,1
geometry,7.249,1
geometry,7.25,2
geometry,7.252,3
geometry,7.258,1
geometry,7.26,1
geometry,7.261,1
geometry,7.263,1
geometry,7.264,1
geometry,7.265,1
geometry,7.267,1
geometry,7.27,1
geometry,7.271,1
geometry,7.273,2
geometry,7.278,2
geometry,7.28,3
geometry,7.282,2
geometry,7.284,1
geometry,7.286,1
geometry,7.287,1
geometry,7.289,2
geometry,7.29,1
geometry,7.293,1
geometry,7.295,1
geometry,7.296,1
geometry,7.297,1
geometry,7.298,1
geometry,7.301,2
geometry,7.305,1
geometry,7.306,1
geometry,7.313,1
geometry,7.314,1
geometry,7.316,1
geometry,7.318,2
geometry,7.321,1
geometry,7.323,1
geometry,7.325,1
geometry,7.326,1
geometry,7.328,2
geometry,7.329,1
geometry,7.33,1
geometry,7.331,2
geometry,7.332,1
geometry,7.333,1
geometry,7.334,1
geometry,7.343,2
geometry,7.344,1
geometry,7.345,1
geometry,7.346,1
geometry,7.347,2
geometry,7.35,1
geometry,7.351,1
geometry,7.353,2
geometry,7.355,1
geometry,7.356,2
geometry,7.36,1
geometry,7.361,1
geometry,7.363,1
geometry,7.365,1
geometry,7.37,1
geometry,7.373,2
geometry,7.374,1
geometry,7.376,1
geometry,7.38,1
geometry,7.384,3
geometry,7.388,1
geometry,7.389,3
geometry,7.39,1
geometry,7.392,1
geometry,7.393,1
geometry,7.399,1
geometry,7.4,2
geometry,7.403,1
geometry,7.409,2
geometry,7.41,1
geometry,7.412,1
geometry,7.413,3
geometry,7.414,2
geometry,7.415,2
geometry,7.418,1
geometry,7.42,1
geometry,7.421,1
geometry,7.425,1
geometry,7.426,1
geometry,7.428,2
geometry,7.429,1
geometry,7.43,1
geometry,7.436,1
geometry,7.437,1
geometry,7.439,1
geometry,7.44,1
geometry,7.443,1
geometry,7.446,1
geometry,7.447,3
geometry,7.449,2
geometry,7.452,1
geometry,7.458,1
geometry,7.459,1
geometry,7.46,2
geometry,7.461,2
geometry,7.463,1
geometry,7.464,1
geometry,7.47,1
geometry,7.473,2
geometry,7.476,1
geometry,7.479,1
geometry,7.481,1
geometry,7.483,2
geometry,7.484,3
geometry,7.486,1
geometry,7.487,1
geometry,7.49,1
geometry,7.491,1
geometry,7.494,1
geometry,7.495,1
geometry,7.496,3
geometry,7.497,2
geometry,7.498,1
geometry,7.501,1
geometry,7.502,1
geometry,7.504,1
geometry,7.507,3
geometry,7.509,1
geometry,7.51,1
geometry,7.513,1
geometry,7.514,1
geometry,7.517,1
geometry,7.518,1
geometry,7.519,1
geometry,7.52,1
geometry,7.521,1
geometry,7.523,2
geometry,7.524,1
geometry,7.526,1
geometry,7.535,2
geometry,7.538,1
geometry,7.539,1
geometry,7.541,1
geometry,7.542,1
geometry,7.545,2
geometry,7.546,2
geometry,7.549,1
geometry,7.55,2
geometry,7.552,2
geometry,7.557,1
geometry,7.558,1
geometry,7.562,1
geometry,7.564,1
geometry,7.565,1
geometry,7.568,2
geometry,7.571,1
geometry,7.574,1
geometry,7.576,1
geometry,7.579,2
geometry,7.58,1
geometry,7.582,1
geometry,7.586,1
geometry,7.588,1
geometry,7.592,1
geometry,7.593,1
geometry,7.594,1
geometry,7.596,1
geometry,7.597,2
geometry,7.599,1
geometry,7.602,1
geometry,7.603,1
geometry,7.605,2
geometry,7.61,2
geometry,7.612,1
geometry,7.614,1
geometry,7.615,2
geometry,7.617,1
geometry,7.62,1
geometry,7.621,1
geometry,7.623,1
geometry,7.626,1
geometry,7.628,1
geometry,7.63,1
geometry,7.632,2
geometry,7.633,2
geometry,7.637,1
geometry,7.638,2
geometry,7.64,1
geometry,7.642,1
geometry,7.643,1
geometry,7.647,2
geometry,7.65,1
geometry,7.651,1
geometry,7.653,1
geometry,7.656,1
geometry,7.657,1
geometry,7.658,1
geometry,7.659,1
geometry,7.662,1
geometry,7.665,2
geometry,7.671,1
geometry,7.674,1
geometry,7.676,1
geometry,7.678,1
geometry,7.68,2
geometry,7.686,1
geometry,7.693,2
geometry,7.694,2
geometry,7.696,1
geometry,7.697,1
geometry,7.699,1
geometry,7.702,2
geometry,7.704,2
geometry,7.708,1
geometry,7.713,1
geometry,7.714,3
geometry,7.717,1
geometry,7.719,2
geometry,7.72,2
geometry,7.723,1
geometry,7.727,2
geometry,7.73,1
geometry,7.737,2
geometry,7.74,1
geometry,7.743,3
geometry,7.749,1
geometry,7.752,1
geometry,7.753,2
geometry,7.759,1
geometry,7.76,2
geometry,7.772,1
geometry,7.773,1
geometry,7.774,2
geometry,7.775,1
geometry,7.778,1
geometry,7.781,1
geometry,7.782,2
geometry,7.784,1
geometry,7.79,1
geometry,7.793,1
geometry,7.798,1
geometry,7.8,1
geometry,7.803,1
geometry,7.807,1
geometry,7.81,2
geometry,7.811,1
geometry,7.813,1
geometry,7.816,1
geometry,7.818,1
geometry,7.821,1
geometry,7.825,2
geometry,7.827,1
geometry,7.828,1
geometry,7.829,1
geometry,7.83,1
geometry,7.831,1
geometry,7.834,3
geometry,7.835,1
geometry,7.838,1
geometry,7.843,1
geometry,7.844,1
geometry,7.845,1
geometry,7.846,1
geometry,7.851,1
geometry,7.857,1
geometry,7.86,1
geometry,7.861,1
geometry,7.863,1
geometry,7.866,1
geometry,7.869,1
geometry,7.872,1
geometry,7.873,1
geometry,7.876,1
geometry,7.877,1
geometry,7.878,1
geometry,7.88,1
geometry,7.881,4
geometry,7.883,2
geometry,7.886,1
geometry,7.889,1
geometry,7.89,1
geometry,7.891,2
geometry,7.894,1
geometry,7.895,1
geometry,7.896,2
geometry,7.9,2
geometry,7.901,4
geometry,7.902,1
geometry,7.906,1
geometry,7.908,1
geometry,7.921,1
geometry,7.931,1
geometry,7.932,2
geometry,7.942,1
geometry,7.943,1
geometry,7.947,2
geometry,7.95,1
geometry,7.953,3
geometry,7.955,1
geometry,7.956,1
geometry,7.957,1
geometry,7.958,1
geometry,7.959,1
geometry,7.965,1
geometry,7.97,1
geometry,7.971,1
geometry,7.972,1
geometry,7.973,1
geometry,7.974,1
geometry,7.976,1
geometry,7.978,1
geometry,7.979,2
geometry,7.98,1
geometry,7.982,1
geometry,7.983,1
geometry,7.989,1
geometry,7.99,1
geometry,7.991,1
geometry,7.993,2
geometry,7.995,1
geometry,7.998,1
geometry,8.001,1
geometry,8.002,4
geometry,8.004,1
geometry,8.005,1
geometry,8.011,1
geometry,8.012,1
geometry,8.016,1
geometry,8.018,1
geometry,8.019,2
geometry,8.022,1
geometry,8.026,1
geometry,8.029,1
geometry,8.03,1
geometry,8.034,1
geometry,8.035,1
geometry,8.036,1
geometry,8.037,2
geometry,8.038,1
geometry,8.042,2
geometry,8.047,1
geometry,8.048,1
geometry,8.049,1
geometry,8.05,2
geometry,8.051,1
geometry,8.054,2
geometry,8.059,2
geometry,8.06,4
geometry,8.061,1
geometry,8.062,2
geometry,8.064,1
geometry,8.065,1
geometry,8.067,1
geometry,8.068,1
geometry,8.069,1
geometry,8.077,1
geometry,8.079,1
geometry,8.081,1
geometry,8.084,1
geometry,8.086,2
geometry,8.087,1
geometry,8.088,1
geometry,8.094,2
geometry,8.096,1
geometry,8.097,1
geometry,8.099,1
geometry,8.1,1
geometry,8.102,1
geometry,8.106,1
geometry,8.108,1
geometry,8.112,1
geometry,8.114,2
geometry,8.12,2
geometry,8.121,2
geometry,8.124,1
geometry,8.131,2
geometry,8.132,1
geometry,8.136,1
geometry,8.139,1
geometry,8.14,2
geometry,8.141,1
geometry,8.143,1
geometry,8.144,2
geometry,8.147,1
geometry,8.15,1
geometry,8.152,3
geometry,8.153,1
geometry,8.155,1
geometry,8.156,1
geometry,8.16,1
geometry,8.163,1
geometry,8.164,1
geometry,8.168,1
geometry,8.172,1
geometry,8.173,1
geometry,8.174,2
geometry,8.175,1
geometry,8.177,1
geometry,8.179,1
geometry,8.18,1
geometry,8.181,1
geometry,8.182,1
geometry,8.183,1
geometry,8.185,2
geometry,8.187,2
geometry,8.188,1
geometry,8.189,1
geometry,8.195,1
geometry,8.196,1
geometry,8.2,2
geometry,8.202,1
geometry,8.204,3
geometry,8.205,1
geometry,8.207,1
geometry,8.209,1
geometry,8.212,1
geometry,8.215,1
geometry,8.219,2
geometry,8.22,2
geometry,8.222,1
geometry,8.223,1
geometry,8.225,1
geometry,8.226,1
geometry,8.227,2
geometry,8.228,1
geometry,8.229,1
geometry,8.236,1
geometry,8.238,1
geometry,8.241,1
geometry,8.245,1
geometry,8.247,1
geometry,8.25,2
geometry,8.254,1
geometry,8.255,1
geometry,8.257,1
geometry,8.259,1
geometry,8.261,2
geometry,8.262,1
geometry,8.27,1
geometry,8.273,1
geometry,8.276,1
geometry,8.277,1
geometry,8.278,1
geometry,8.279,1
geometry,8.282,2
geometry,8.283,1
geometry,8.286,1
geometry,8.287,1
geometry,8.292,1
geometry,8.296,1
geometry,8.297,1
geometry,8.299,1
geometry,8.3,1
geometry,8.305,1
geometry,8.306,2
geometry,8.309,1
geometry,8.31,2
geometry,8.313,1
geometry,8.318,1
geometry,8.32,1
geometry,8.323,2
geometry,8.327,1
geometry,8.329,3
geometry,8.332,1
geometry,8.334,1
geometry,8.335,1
geometry,8.339,1
geometry,8.341,1
geometry,8.343,1
geometry,8.345,1
geometry,8.346,1
geometry,8.349,2
geometry,8.352,1
geometry,8.356,1
geometry,8.36,1
geometry,8.361,2
geometry,8.364,4
geometry,8.367,1
geometry,8.369,1
geometry,8.371,1
geometry,8.379,1
geometry,8.384,1
geometry,8.386,1
geometry,8.391,1
geometry,8.394,1
geometry,8.399,1
geometry,8.4,1
geometry,8.406,1
geometry,8.415,1
geometry,8.418,1
geometry,8.421,1
geometry,8.422,1
geometry,8.425,2
geometry,8.429,1
geometry,8.433,1
geometry,8.436,1
geometry,8.437,1
geometry,8.443,1
geometry,8.445,1
geometry,8.449,1
geometry,8.45,1
geometry,8.457,1
geometry,8.458,2
geometry,8.459,1
geometry,8.46,1
geometry,8.466,1
geometry,8.47,2
geometry,8.471,1
geometry,8.472,1
geometry,8.473,1
geometry,8.478,1
geometry,8.479,1
geometry,8.48,1
geometry,8.484,2
geometry,8.485,2
geometry,8.486,1
geometry,8.488,1
geometry,8.491,1
geometry,8.493,2
geometry,8.495,2
geometry,8.502,2
geometry,8.504,2
geometry,8.511,2
geometry,8.513,2
geometry,8.516,1
geometry,8.52,1
geometry,8.524,1
geometry,8.526,1
geometry,8.527,3
geometry,8.536,2
geometry,8.538,1
geometry,8.539,1
geometry,8.542,1
geometry,8.546,2
geometry,8.55,2
geometry,8.553,1
geometry,8.562,1
geometry,8.57,1
geometry,8.571,1
geometry,8.572,1
geometry,8.573,1
geometry,8.577,1
geometry,8.579,1
geometry,8.581,1
geometry,8.582,1
geometry,8.583,1
geometry,8.585,2
geometry,8.589,1
geometry,8.59,2
geometry,8.591,1
geometry,8.595,1
geometry,8.596,1
geometry,8.602,1
geometry,8.609,1
geometry,8.613,1
geometry,8.614,1
geometry,8.618,1
geometry,8.619,1
geometry,8.62,1
geometry,8.621,1
geometry,8.625,1
geometry,8.631,1
geometry,8.632,1
geometry,8.636,2
geometry,8.637,1
geometry,8.642,2
geometry,8.644,1
geometry,8.648,1
geometry,8.65,1
geometry,8.651,1
geometry,8.652,1
geometry,8.655,3
geometry,8.659,1
geometry,8.662,1
geometry,8.665,1
geometry,8.669,3
geometry,8.671,1
geometry,8.673,1
geometry,8.675,2
geometry,8.677,1
geometry,8.679,2
geometry,8.687,1
geometry,8.69,1
geometry,8.691,1
geometry,8.694,1
geometry,8.695,1
geometry,8.696,1
geometry,8.7,1
geometry,8.703,1
geometry,8.706,2
geometry,8.709,3
geometry,8.711,2
geometry,8.713,2
geometry,8.714,1
geometry,8.716,1
geometry,8.726,1
geometry,8.735,1
geometry,8.741,1
geometry,8.742,1
geometry,8.745,1
geometry,8.748,1
geometry,8.749,3
geometry,8.752,1
geometry,8.753,2
geometry,8.754,2
geometry,8.757,1
geometry,8.76,1
geometry,8.762,1
geometry,8.763,1
geometry,8.771,1
geometry,8.775,1
geometry,8.781,3
geometry,8.786,1
geometry,8.787,2
geometry,8.788,1
geometry,8.798,1
geometry,8.799,2
geometry,8.8,3
geometry,8.804,1
geometry,8.807,1
geometry,8.808,2
geometry,8.812,1
geometry,8.815,1
geometry,8.817,2
geometry,8.818,1
geometry,8.827,1
geometry,8.831,1
geometry,8.833,3
geometry,8.837,1
geometry,8.838,1
geometry,8.841,1
geometry,8.842,2
geometry,8.843,1
geometry,8.844,2
geometry,8.847,1
geometry,8.852,1
geometry,8.857,1
geometry,8.858,1
geometry,8.861,1
geometry,8.862,1
geometry,8.863,1
geometry,8.865,1
geometry,8.872,1
geometry,8.873,1
geometry,8.875,1
geometry,8.876,1
geometry,8.882,1
geometry,8.883,1
geometry,8.89,1
geometry,8.892,1
geometry,8.894,1
geometry,8.895,2
geometry,8.899,1
geometry,8.901,3
geometry,8.912,1
geometry,8.919,1
geometry,8.923,1
geometry,8.926,1
geometry,8.932,1
geometry,8.933,1
geometry,8.935,1
geometry,8.936,1
geometry,8.942,1
geometry,8.943,1
geometry,8.947,1
geometry,8.948,1
geometry,8.95,1
geometry,8.953,1
geometry,8.954,2
geometry,8.958,1
geometry,8.965,1
geometry,8.971,2
geometry,8.973,4
geometry,8.978,2
geometry,8.984,1
geometry,8.987,1
geometry,8.993,1
geometry,9,1
geometry,9.002,1
geometry,9.003,1
geometry,9.008,1
geometry,9.011,1
geometry,9.015,2
geometry,9.019,1
geometry,9.026,1
geometry,9.027,1
geometry,9.031,1
geometry,9.032,1
geometry,9.036,1
geometry,9.04,1
geometry,9.042,1
geometry,9.054,2
geometry,9.057,2
geometry,9.059,1
geometry,9.063,2
geometry,9.064,1
geometry,9.067,1
geometry,9.078,1
geometry,9.08,1
geometry,9.084,1
geometry,9.085,1
geometry,9.087,1
geometry,9.094,1
geometry,9.103,1
geometry,9.107,1
geometry,9.109,1
geometry,9.117,1
geometry,9.126,2
geometry,9.127,1
geometry,9.129,1
geometry,9.136,1
geometry,9.14,4
geometry,9.146,1
geometry,9.149,2
geometry,9.154,1
geometry,9.156,1
geometry,9.16,1
geometry,9.164,1
geometry,9.172,1
geometry,9.174,1
geometry,9.177,1
geometry,9.203,1
geometry,9.207,1
geometry,9.209,1
geometry,9.215,1
geometry,9.218,1
geometry,9.219,1
geometry,9.228,1
geometry,9.229,2
geometry,9.23,1
geometry,9.234,1
geometry,9.236,1
geometry,9.239,1
geometry,9.242,1
geometry,9.244,1
geometry,9.247,1
geometry,9.25,1
geometry,9.251,1
geometry,9.253,1
geometry,9.254,1
geometry,9.267,1
geometry,9.268,1
geometry,9.269,1
geometry,9.272,1
geometry,9.275,1
geometry,9.286,1
geometry,9.288,1
geometry,9.29,1
geometry,9.292,1
geometry,9.294,1
geometry,9.299,1
geometry,9.302,1
geometry,9.309,1
geometry,9.313,3
geometry,9.314,1
geometry,9.316,1
geometry,9.319,2
geometry,9.325,1
geometry,9.329,1
geometry,9.33,1
geometry,9.339,2
geometry,9.343,1
geometry,9.345,1
geometry,9.346,1
geometry,9.347,2
geometry,9.35,3
geometry,9.352,2
geometry,9.353,1
geometry,9.354,1
geometry,9.355,1
geometry,9.358,1
geometry,9.361,1
geometry,9.362,2
geometry,9.363,1
geometry,9.372,1
geometry,9.374,1
geometry,9.39,1
geometry,9.397,1
geometry,9.4,1
geometry,9.402,1
geometry,9.404,1
geometry,9.407,1
geometry,9.412,1
geometry,9.413,1
geometry,9.418,1
geometry,9.42,2
geometry,9.425,1
geometry,9.43,1
geometry,9.431,2
geometry,9.433,1
geometry,9.442,2
geometry,9.443,1
geometry,9.448,1
geometry,9.449,2
geometry,9.454,1
geometry,9.455,1
geometry,9.456,1
geometry,9.46,1
geometry,9.461,1
geometry,9.463,1
geometry,9.464,1
geometry,9.467,1
geometry,9.474,1
geometry,9.476,1
geometry,9.478,1
geometry,9.481,1
geometry,9.484,1
geometry,9.485,1
geometry,9.486,1
geometry,9.488,1
geometry,9.493,1
geometry,9.498,1
geometry,9.499,1
geometry,9.505,1
geometry,9.509,1
geometry,9.514,1
geometry,9.517,1
geometry,9.52,1
geometry,9.524,1
geometry,9.525,1
geometry,9.527,1
geometry,9.529,1
geometry,9.534,1
geometry,9.535,1
geometry,9.542,1
geometry,9.545,1
geometry,9.553,1
geometry,9.556,1
geometry,9.559,1
geometry,9.56,1
geometry,9.562,1
geometry,9.568,1
geometry,9.57,1
geometry,9.58,1
geometry,9.581,1
geometry,9.588,2
geometry,9.591,1
geometry,9.597,1
geometry,9.599,1
geometry,9.615,1
geometry,9.621,1
geometry,9.626,1
geometry,9.629,1
geometry,9.631,1
geometry,9.641,1
geometry,9.643,1
geometry,9.646,1
geometry,9.647,1
geometry,9.654,2
geometry,9.655,1
geometry,9.659,1
geometry,9.667,1
geometry,9.672,1
geometry,9.685,1
geometry,9.687,1
geometry,9.69,1
geometry,9.693,1
geometry,9.7,1
geometry,9.718,1
geometry,9.723,1
geometry,9.726,3
geometry,9.727,2
geometry,9.739,1
geometry,9.744,1
geometry,9.747,1
geometry,9.75,1
geometry,9.76,1
geometry,9.765,2
geometry,9.766,2
geometry,9.768,1
geometry,9.771,1
geometry,9.778,1
geometry,9.781,1
geometry,9.791,1
geometry,9.802,1
geometry,9.817,1
geometry,9.821,1
geometry,9.827,1
geometry,9.83,1
geometry,9.832,1
geometry,9.833,1
geometry,9.842,2
geometry,9.852,1
geometry,9.856,1
geometry,9.861,1
geometry,9.862,1
geometry,9.864,2
geometry,9.87,1
geometry,9.874,1
geometry,9.875,1
geometry,9.887,1
geometry,9.891,1
geometry,9.898,1
geometry,9.904,1
geometry,9.912,2
geometry,9.913,2
geometry,9.914,1
geometry,9.915,1
geometry,9.917,1
geometry,9.921,1
geometry,9.922,1
geometry,9.935,1
geometry,9.936,1
geometry,9.941,1
geometry,9.942,1
geometry,9.949,1
geometry,9.95,1
geometry,9.954,1
geometry,9.957,1
geometry,9.959,1
geometry,9.961,3
geometry,9.962,1
geometry,9.965,1
geometry,9.969,1
geometry,9.972,1
geometry,9.974,1
geometry,9.976,1
geometry,9.977,1
geometry,9.979,1
geometry,9.986,1
geometry,9.988,1
geometry,9.99,1
geometry,9.994,1
geometry,9.998,1
geometry,9.999,1
geometry,10,1
geometry,10.001,1
geometry,10.012,1
geometry,10.016,1
geometry,10.017,1
geometry,10.028,2
geometry,10.035,1
geometry,10.036,1
geometry,10.037,1
geometry,10.038,1
geometry,10.039,1
geometry,10.044,1
geometry,10.049,1
geometry,10.06,4
geometry,10.061,1
geometry,10.065,1
geometry,10.075,1
geometry,10.076,1
geometry,10.077,3
geometry,10.083,2
geometry,10.087,1
geometry,10.088,1
geometry,10.091,1
geometry,10.093,1
geometry,10.096,1
geometry,10.1,1
geometry,10.107,1
geometry,10.118,2
geometry,10.119,1
geometry,10.131,1
geometry,10.134,1
geometry,10.136,1
geometry,10.138,1
geometry,10.15,1
geometry,10.151,1
geometry,10.156,1
geometry,10.161,1
geometry,10.176,1
geometry,10.182,1
geometry,10.189,1
geometry,10.205,1
geometry,10.218,1
geometry,10.227,1
geometry,10.228,1
geometry,10.235,1
geometry,10.238,1
geometry,10.244,1
geometry,10.248,1
geometry,10.266,1
geometry,10.28,2
geometry,10.283,1
geometry,10.289,1
geometry,10.291,2
geometry,10.306,1
geometry,10.318,1
geometry,10.319,1
geometry,10.339,1
geometry,10.344,1
geometry,10.348,1
geometry,10.35,1
geometry,10.354,1
geometry,10.358,1
geometry,10.365,1
geometry,10.366,1
geometry,10.371,1
geometry,10.372,1
geometry,10.378,1
geometry,10.384,1
geometry,10.386,1
geometry,10.394,2
geometry,10.401,1
geometry,10.408,1
geometry,10.41,1
geometry,10.412,1
geometry,10.416,1
geometry,10.417,1
geometry,10.429,1
geometry,10.43,1
geometry,10.451,1
geometry,10.456,1
geometry,10.458,1
geometry,10.463,2
geometry,10.48,1
geometry,10.494,1
geometry,10.501,1
geometry,10.505,1
geometry,10.514,1
geometry,10.517,1
geometry,10.518,1
geometry,10.521,1
geometry,10.534,1
geometry,10.544,1
geometry,10.56,1
geometry,10.572,1
geometry,10.578,1
geometry,10.583,1
geometry,10.592,1
geometry,10.595,1
geometry,10.596,2
geometry,10.601,1
geometry,10.602,2
geometry,10.609,1
geometry,10.616,1
geometry,10.633,1
geometry,10.638,1
geometry,10.646,1
geometry,10.661,1
geometry,10.67,1
geometry,10.681,1
geometry,10.698,1
geometry,10.711,1
geometry,10.719,1
geometry,10.737,1
geometry,10.739,1
geometry,10.741,2
geometry,10.749,1
geometry,10.754,1
geometry,10.774,1
geometry,10.794,1
geometry,10.797,1
geometry,10.814,1
geometry,10.816,1
geometry,10.855,1
geometry,10.858,1
geometry,10.871,1
geometry,10.875,1
geometry,10.88,1
geometry,10.894,1
geometry,10.907,1
geometry,10.909,1
geometry,10.91,2
geometry,10.946,1
geometry,10.964,1
geometry,10.965,1
geometry,10.971,1
geometry,10.977,1
geometry,10.981,1
geometry,10.983,1
geometry,11.006,1
geometry,11.011,1
geometry,11.038,1
geometry,11.043,1
geometry,11.057,2
geometry,11.073,1
geometry,11.08,1
geometry,11.089,1
geometry,11.094,1
geometry,11.126,1
geometry,11.133,1
geometry,11.139,1
geometry,11.14,1
geometry,11.145,1
geometry,11.15,1
geometry,11.151,1
geometry,11.159,1
geometry,11.169,1
geometry,11.172,1
geometry,11.176,1
geometry,11.178,1
geometry,11.181,1
geometry,11.187,1
geometry,11.19,1
geometry,11.193,1
geometry,11.203,1
geometry,11.204,1
geometry,11.216,1
geometry,11.228,2
geometry,11.233,1
geometry,11.247,1
geometry,11.252,1
geometry,11.26,1
geometry,11.289,1
geometry,11.301,1
geometry,11.322,1
geometry,11.332,1
geometry,11.334,1
geometry,11.344,1
geometry,11.354,1
geometry,11.358,1
geometry,11.372,1
geometry,11.377,2
geometry,11.391,1
geometry,11.398,1
geometry,11.401,1
geometry,11.424,1
geometry,11.426,1
geometry,11.43,1
geometry,11.434,1
geometry,11.447,1
geometry,11.449,1
geometry,11.457,1
geometry,11.474,2
geometry,11.48,1
geometry,11.488,1
geometry,11.507,1
geometry,11.531,1
geometry,11.54,1
geometry,11.545,1
geometry,11.548,1
geometry,11.564,1
geometry,11.584,1
geometry,11.588,1
geometry,11.59,1
geometry,11.602,1
geometry,11.622,1
geometry,11.628,1
geometry,11.629,1
geometry,11.635,1
geometry,11.645,1
geometry,11.646,1
geometry,11.669,1
geometry,11.684,1
geometry,11.692,1
geometry,11.707,1
geometry,11.719,1
geometry,11.732,1
geometry,11.734,1
geometry,11.739,1
geometry,11.769,1
geometry,11.777,1
geometry,11.787,1
geometry,11.797,1
geometry,11.81,1
geometry,11.816,1
geometry,11.827,1
geometry,11.832,1
geometry,11.835,1
geometry,11.84,1
geometry,11.849,1
geometry,11.855,1
geometry,11.872,1
geometry,11.874,1
geometry,11.88,1
geometry,11.881,2
geometry,11.888,1
geometry,11.889,1
geometry,11.914,1
geometry,11.918,1
geometry,11.924,1
geometry,11.926,1
geometry,11.929,1
geometry,11.933,2
geometry,11.939,1
geometry,11.941,1
geometry,11.949,1
geometry,11.959,1
geometry,11.963,1
geometry,11.969,1
geometry,11.982,1
geometry,11.985,1
geometry,11.997,1
geometry,12,1
geometry,12.011,1
geometry,12.025,1
geometry,12.029,1
geometry,12.073,1
geometry,12.075,1
geometry,12.079,1
geometry,12.08,1
geometry,12.089,1
geometry,12.098,1
geometry,12.109,2
geometry,12.117,1
geometry,12.121,1
geometry,12.123,1
geometry,12.172,1
geometry,12.174,1
geometry,12.182,1
geometry,12.194,1
geometry,12.202,1
geometry,12.209,1
geometry,12.211,2
geometry,12.214,1
geometry,12.219,1
geometry,12.22,1
geometry,12.225,1
geometry,12.24,1
geometry,12.241,1
geometry,12.255,1
geometry,12.301,1
geometry,12.315,1
geometry,12.316,1
geometry,12.321,1
geometry,12.322,2
geometry,12.338,1
geometry,12.34,1
geometry,12.354,1
geometry,12.355,1
geometry,12.378,1
geometry,12.385,1
geometry,12.425,1
geometry,12.451,1
geometry,12.463,1
geometry,12.468,1
geometry,12.475,1
geometry,12.477,1
geometry,12.522,1
geometry,12.528,1
geometry,12.553,1
geometry,12.556,1
geometry,12.559,1
geometry,12.572,1
geometry,12.637,1
geometry,12.645,1
geometry,12.648,1
geometry,12.684,1
geometry,12.687,1
geometry,12.716,1
geometry,12.72,1
geometry,12.732,1
geometry,12.733,1
geometry,12.736,1
geometry,12.782,1
geometry,12.809,1
geometry,12.81,1
geometry,12.821,1
geometry,12.833,1
geometry,12.85,1
geometry,12.863,1
geometry,12.885,1
geometry,12.886,1
geometry,12.895,1
geometry,12.9,2
geometry,12.928,1
geometry,12.961,1
geometry,12.966,1
geometry,12.973,1
geometry,13.006,1
geometry,13.058,1
geometry,13.065,1
geometry,13.067,1
geometry,13.07,1
geometry,13.074,1
geometry,13.092,1
geometry,13.12,1
geometry,13.135,1
geometry,13.136,1
geometry,13.138,1
geometry,13.148,1
geometry,13.15,1
geometry,13.166,1
geometry,13.187,1
geometry,13.221,1
geometry,13.232,1
geometry,13.236,1
geometry,13.237,1
geometry,13.25,1
geometry,13.255,1
geometry,13.257,1
geometry,13.271,1
geometry,13.277,1
geometry,13.288,1
geometry,13.296,1
geometry,13.303,1
geometry,13.344,1
geometry,13.351,1
geometry,13.387,1
geometry,13.39,1
geometry,13.418,1
geometry,13.46,1
geometry,13.463,1
geometry,13.47,1
geometry,13.498,1
geometry,13.507,1
geometry,13.529,1
geometry,13.538,1
geometry,13.555,1
geometry,13.57,1
geometry,13.587,1
geometry,13.592,1
geometry,13.605,1
geometry,13.615,1
geometry,13.616,1
geometry,13.626,1
geometry,13.627,1
geometry,13.638,1
geometry,13.657,1
geometry,13.659,1
geometry,13.68,1
geometry,13.719,1
geometry,13.723,1
geometry,13.729,1
geometry,13.74,1
geometry,13.746,1
geometry,13.749,1
geometry,13.75,1
geometry,13.751,1
geometry,13.756,1
geometry,13.758,1
geometry,13.764,1
geometry,13.767,1
geometry,13.818,1
geometry,13.82,1
geometry,13.846,1
geometry,13.851,1
geometry,13.854,1
geometry,13.87,1
geometry,13.879,1
geometry,13.896,1
geometry,13.901,1
geometry,13.908,1
geometry,13.921,2
geometry,13.936,1
geometry,13.945,1
geometry,13.951,1
geometry,13.968,1
geometry,13.973,1
geometry,13.992,1
geometry,14.034,1
geometry,14.043,1
geometry,14.049,1
geometry,14.053,1
geometry,14.063,1
geometry,14.067,1
geometry,14.1,1
geometry,14.122,1
geometry,14.144,1
geometry,14.148,1
geometry,14.159,1
geometry,14.163,1
geometry,14.186,1
geometry,14.195,1
geometry,14.211,1
geometry,14.231,1
geometry,14.25,1
geometry,14.282,1
geometry,14.296,1
geometry,14.32,1
geometry,14.322,1
geometry,14.347,1
geometry,14.35,1
geometry,14.379,1
geometry,14.472,1
geometry,14.478,1
geometry,14.487,1
geometry,14.488,1
geometry,14.536,1
geometry,14.575,1
geometry,14.653,1
geometry,14.674,1
geometry,14.677,1
geometry,14.713,1
geometry,14.716,1
geometry,14.734,1
geometry,14.741,1
geometry,14.754,1
geometry,14.765,2
geometry,14.789,1
geometry,14.849,1
geometry,14.918,1
geometry,14.931,1
geometry,14.934,1
geometry,14.937,1
geometry,14.963,1
geometry,14.992,1
geometry,14.997,1
geometry,15.031,1
geometry,15.048,1
geometry,15.106,1
geometry,15.136,1
geometry,15.176,1
geometry,15.182,1
geometry,15.183,1
geometry,15.193,1
geometry,15.2,1
geometry,15.215,1
geometry,15.265,1
geometry,15.299,1
geometry,15.3,1
geometry,15.315,1
geometry,15.369,1
geometry,15.446,1
geometry,15.459,1
geometry,15.502,1
geometry,15.511,1
geometry,15.514,1
geometry,15.54,1
geometry,15.559,1
geometry,15.614,1
geometry,15.615,1
geometry,15.627,1
geometry,15.63,1
geometry,15.655,1
geometry,15.681,1
geometry,15.749,1
geometry,15.78,1
geometry,15.823,1
geometry,15.824,1
geometry,15.871,2
geometry,15.917,1
geometry,15.921,1
geometry,15.932,1
geometry,15.956,1
geometry,15.976,1
geometry,15.992,1
geometry,16.018,1
geometry,16.025,1
geometry,16.031,1
geometry,16.08,1
geometry,16.174,1
geometry,16.184,1
geometry,16.212,1
geometry,16.221,1
geometry,16.222,2
geometry,16.297,1
geometry,16.322,1
geometry,16.352,1
geometry,16.36,1
geometry,16.431,1
geometry,16.435,1
geometry,16.448,1
geometry,16.459,1
geometry,16.516,1
geometry,16.527,1
geometry,16.555,1
geometry,16.576,1
geometry,16.577,1
geometry,16.652,1
geometry,16.692,1
geometry,16.695,1
geometry,16.704,1
geometry,16.708,1
geometry,16.712,1
geometry,16.716,1
geometry,16.725,1
geometry,16.776,1
geometry,16.791,1
geometry,16.816,1
geometry,16.841,1
geometry,16.842,2
geometry,16.902,1
geometry,16.914,1
geometry,16.94,1
geometry,16.963,1
geometry,16.965,1
geometry,16.967,1
geometry,16.991,1
geometry,17.012,1
geometry,17.024,1
geometry,17.036,1
geometry,17.075,1
geometry,17.081,1
geometry,17.095,1
geometry,17.096,1
geometry,17.1,1
geometry,17.106,1
geometry,17.135,1
geometry,17.156,1
geometry,17.204,1
geometry,17.212,1
geometry,17.213,1
geometry,17.26,1
geometry,17.275,1
geometry,17.287,1
geometry,17.31,1
geometry,17.33,1
geometry,17.339,1
geometry,17.378,2
geometry,17.397,1
geometry,17.478,1
geometry,17.49,1
geometry,17.495,1
geometry,17.525,1
geometry,17.541,1
geometry,17.561,1
geometry,17.565,1
geometry,17.604,1
geometry,17.648,1
geometry,17.674,1
geometry,17.679,1
geometry,17.716,1
geometry,17.721,1
geometry,17.741,1
geometry,17.746,1
geometry,17.758,1
geometry,17.799,1
geometry,17.829,1
geometry,17.89,1
geometry,17.905,1
geometry,17.964,1
geometry,18.119,1
geometry,18.166,1
geometry,18.182,1
geometry,18.186,1
geometry,18.206,1
geometry,18.219,1
geometry,18.23,1
geometry,18.279,1
geometry,18.292,1
geometry,18.3,1
geometry,18.374,1
geometry,18.419,1
geometry,18.629,1
geometry,18.672,1
geometry,18.715,1
geometry,18.758,1
geometry,18.772,1
geometry,18.798,1
geometry,18.809,1
geometry,18.846,1
geometry,18.854,1
geometry,18.871,1
geometry,18.9,1
geometry,18.908,1
geometry,18.931,1
geometry,19.05,1
geometry,19.091,1
geometry,19.094,1
geometry,19.099,1
geometry,19.129,1
geometry,19.165,1
geometry,19.249,1
geometry,19.265,1
geometry,19.339,1
geometry,19.409,1
geometry,19.417,1
geometry,19.447,1
geometry,19.458,1
geometry,19.496,1
geometry,19.515,1
geometry,19.538,1
geometry,19.558,1
geometry,19.559,1
geometry,19.602,1
geometry,19.63,1
geometry,19.643,1
geometry,19.659,1
geometry,19.699,1
geometry,19.715,1
geometry,19.726,1
geometry,19.734,2
geometry,19.818,1
geometry,19.82,1
geometry,19.919,1
geometry,19.952,1
geometry,20.032,1
geometry,20.062,1
geometry,20.093,1
geometry,20.173,1
geometry,20.211,1
geometry,20.277,1
geometry,20.342,1
geometry,20.349,1
geometry,20.38,1
geometry,20.436,1
geometry,20.548,1
geometry,20.556,1
geometry,20.576,1
geometry,20.666,1
geometry,20.676,1
geometry,20.679,1
geometry,20.747,1
geometry,20.765,1
geometry,20.894,1
geometry,20.91,1
geometry,20.945,1
geometry,21.012,1
geometry,21.083,1
geometry,21.107,1
geometry,21.127,1
geometry,21.16,1
geometry,21.179,1
geometry,21.193,1
geometry,21.211,1
geometry,21.229,2
geometry,21.292,1
geometry,21.495,1
geometry,21.509,1
geometry,21.551,1
geometry,21.68,1
geometry,21.682,1
geometry,21.741,1
geometry,21.763,1
geometry,21.79,1
geometry,21.902,1
geometry,21.914,1
geometry,22.099,1
geometry,22.321,1
geometry,22.407,1
geometry,22.423,1
geometry,22.525,1
geometry,22.586,1
geometry,22.588,1
geometry,22.615,1
geometry,22.632,1
geometry,22.723,1
geometry,22.794,1
geometry,22.824,1
geometry,22.865,1
geometry,22.962,1
geometry,23.001,1
geometry,23.057,1
geometry,23.065,1
geometry,23.175,1
geometry,23.203,1
geometry,23.213,1
geometry,23.256,1
geometry,23.279,1
geometry,23.301,1
geometry,23.319,1
geometry,23.344,1
geometry,23.346,1
geometry,23.4,1
geometry,23.451,1
geometry,23.458,1
geometry,23.553,1
geometry,23.908,1
geometry,24.061,1
geometry,24.082,1
geometry,24.194,1
geometry,24.245,1
geometry,24.257,1
geometry,24.27,1
geometry,24.299,1
geometry,24.332,1
geometry,24.368,1
geometry,24.39,1
geometry,24.405,1
geometry,24.435,1
geometry,24.504,1
geometry,24.596,1
geometry,24.823,1
geometry,24.916,1
geometry,24.93,1
geometry,24.959,1
geometry,24.965,1
geometry,24.974,1
geometry,25.1,1
geometry,25.379,1
geometry,25.387,1
geometry,25.404,1
geometry,25.512,1
geometry,25.537,1
geometry,25.548,1
geometry,25.637,1
geometry,25.657,1
geometry,25.797,1
geometry,25.92,1
geometry,26.01,1
geometry,26.145,1
geometry,26.148,1
geometry,26.258,1
geometry,26.314,1
geometry,26.33,1
geometry,26.331,1
geometry,26.431,1
geometry,26.687,1
geometry,26.741,1
geometry,26.745,1
geometry,26.8,1
geometry,26.808,1
geometry,26.838,1
geometry,26.934,1
geometry,27.081,1
geometry,27.212,1
geometry,27.483,1
geometry,27.693,1
geometry,27.753,1
geometry,27.989,1
geometry,28.018,1
geometry,28.02,1
geometry,28.237,1
geometry,28.34,1
geometry,28.393,1
geometry,28.512,1
geometry,28.558,1
geometry,28.604,1
geometry,28.607,1
geometry,28.632,1
geometry,28.814,1
geometry,28.897,1
geometry,28.918,1
geometry,29.067,1
geometry,29.09,1
geometry,29.508,1
geometry,29.612,1
geometry,29.978,1
geometry,29.982,1
geometry,30.102,1
geometry,30.145,1
geometry,30.389,1
geometry,30.629,1
geometry,30.637,1
geometry,30.693,1
geometry,30.7,1
geometry,30.925,1
geometry,31.193,1
geometry,31.198,1
geometry,31.358,1
geometry,31.673,1
geometry,31.677,1
geometry,31.697,1
geometry,31.92,1
geometry,32.105,1
geometry,32.141,1
geometry,32.542,1
geometry,32.731,1
geometry,32.915,1
geometry,33.143,1
geometry,33.305,1
geometry,33.309,1
geometry,33.401,1
geometry,33.418,1
geometry,33.442,1
geometry,33.46,1
geometry,33.488,1
geometry,33.674,1
geometry,33.72,1
geometry,33.78,1
geometry,33.836,1
geometry,34.198,1
geometry,34.521,1
geometry,34.594,2
geometry,34.69,1
geometry,34.714,1
geometry,35.245,1
geometry,35.355,1
geometry,35.38,1
geometry,35.465,1
geometry,35.544,1
geometry,35.693,1
geometry,35.785,1
geometry,35.856,1
geometry,36.183,1
geometry,36.233,1
geometry,36.321,1
geometry,36.344,1
geometry,36.417,1
geometry,36.665,1
geometry,36.756,1
geometry,37.221,1
geometry,37.258,1
geometry,37.271,1
geometry,37.313,1
geometry,37.362,1
geometry,37.854,1
geometry,38.223,1
geometry,38.498,1
geometry,38.549,1
geometry,38.666,1
geometry,38.728,1
geometry,38.879,1
geometry,38.998,1
geometry,39.07,1
geometry,39.25,1
geometry,39.311,1
geometry,39.327,1
geometry,39.559,1
geometry,39.646,1
geometry,39.872,1
geometry,39.877,1
geometry,39.98,1
geometry,40.255,1
geometry,40.632,1
geometry,40.759,1
geometry,41.082,1
geometry,41.242,1
geometry,41.61,1
geometry,41.636,1
geometry,41.96,1
geometry,42.126,1
geometry,42.137,1
geometry,42.142,1
geometry,42.344,1
geometry,42.353,1
geometry,42.452,1
geometry,42.534,1
geometry,42.614,1
geometry,42.643,1
geometry,42.739,1
geometry,42.761,1
geometry,42.777,1
geometry,42.853,1
geometry,42.966,1
geometry,42.969,1
geometry,43.318,1
geometry,43.427,1
geometry,43.549,1
geometry,43.578,1
geometry,43.755,1
geometry,43.861,1
geometry,43.973,1
geometry,44.069,1
geometry,44.257,1
geometry,44.397,1
geometry,44.435,1
geometry,44.934,1
geometry,45.142,1
geometry,45.413,1
geometry,45.536,1
geometry,45.573,1
geometry,45.88,1
geometry,46.097,1
geometry,46.209,1
geometry,46.484,1
geometry,46.723,1
geometry,46.725,1
geometry,46.742,1
geometry,46.792,1
geometry,46.804,1
geometry,46.844,1
geometry,47.013,1
geometry,47.066,1
geometry,47.12,1
geometry,47.133,1
geometry,47.333,1
geometry,47.349,1
geometry,47.37,1
geometry,47.512,1
geometry,47.742,1
geometry,47.924,1
geometry,47.992,1
geometry,48.018,1
geometry,48.091,1
geometry,48.295,1
geometry,48.607,1
geometry,48.826,1
geometry,48.981,1
geometry,49.038,1
geometry,49.241,1
geometry,49.352,1
geometry,49.354,1
geometry,49.484,1
geometry,49.738,1
geometry,49.994,1
geometry,50.19,1
geometry,50.194,1
geometry,50.303,1
geometry,50.335,1
geometry,50.582,1
geometry,50.651,1
geometry,50.719,1
geometry,50.777,1
geometry,51.114,1
geometry,51.18,1
geometry,51.291,1
geometry,51.292,1
geometry,51.356,1
geometry,51.435,1
geometry,51.461,1
geometry,51.486,1
geometry,51.946,1
geometry,52.311,1
geometry,52.336,1
geometry,52.388,1
geometry,52.434,1
geometry,52.481,1
geometry,52.576,1
geometry,52.637,1
geometry,52.647,1
geometry,52.813,1
geometry,52.907,1
geometry,53.267,1
geometry,53.349,1
geometry,53.492,1
geometry,53.727,1
geometry,53.735,1
geometry,54.07,1
geometry,54.147,1
geometry,54.168,1
geometry,54.192,1
geometry,55.15,1
geometry,55.251,1
geometry,55.71,1
geometry,56.288,1
geometry,56.531,1
geometry,56.565,1
geometry,56.774,1
geometry,56.854,1
geometry,56.925,1
geometry,56.948,1
geometry,56.951,1
geometry,57.032,1
geometry,57.612,1
geometry,57.675,1
geometry,58.05,1
geometry,58.148,1
geometry,58.165,1
geometry,59.13,1
geometry,59.208,1
geometry,59.414,1
geometry,59.754,1
geometry,59.832,1
geometry,60.113,1
geometry,60.229,1
geometry,60.305,1
geometry,60.468,1
geometry,60.596,1
geometry,60.681,1
geometry,60.684,1
geometry,60.754,1
geometry,60.946,1
geometry,61.089,1
geometry,61.125,1
geometry,61.225,1
geometry,61.516,1
geometry,61.866,1
geometry,61.875,1
geometry,61.904,1
geometry,62.014,1
geometry,62.365,1
geometry,62.475,1
geometry,62.478,1
geometry,62.504,1
geometry,62.915,1
geometry,63.021,1
geometry,63.056,1
geometry,63.132,1
geometry,63.37,1
geometry,63.465,1
geometry,63.508,1
geometry,63.598,1
geometry,63.754,1
geometry,63.897,1
geometry,64.298,1
geometry,64.313,1
geometry,64.466,1
geometry,64.736,1
geometry,65.114,1
geometry,65.532,1
geometry,65.551,1
geometry,65.838,1
geometry,66.116,1
geometry,66.183,1
geometry,66.666,1
geometry,66.703,1
geometry,67.118,1
geometry,67.121,1
geometry,67.271,1
geometry,67.392,1
geometry,67.746,1
geometry,67.857,1
geometry,67.926,1
geometry,68.338,1
geometry,68.383,1
geometry,68.567,1
geometry,68.672,1
geometry,69.382,1
geometry,69.589,1
geometry,69.692,1
geometry,69.781,1
geometry,69.986,1
geometry,70.547,1
geometry,70.639,1
geometry,70.73,1
geometry,71.027,1
geometry,71.642,1
geometry,72.05,1
geometry,72.116,1
geometry,72.261,1
geometry,72.42,1
geometry,72.421,1
geometry,72.723,1
geometry,72.755,1
geometry,73.219,1
geometry,73.465,1
geometry,73.498,1
geometry,73.618,1
geometry,73.666,1
geometry,73.985,1
geometry,74.413,1
geometry,74.466,1
geometry,74.7,1
geometry,74.745,1
geometry,75.345,1
geometry,75.381,1
geometry,75.594,1
geometry,75.618,1
geometry,75.704,1
geometry,76.083,1
geometry,76.282,1
geometry,76.718,1
geometry,77.348,1
geometry,77.542,1
geometry,77.669,1
geometry,77.781,1
geometry,78.078,1
geometry,78.134,1
geometry,78.186,1
geometry,78.36,1
geometry,79.194,1
geometry,79.24,1
geometry,79.769,1
geometry,79.982,1
geometry,80.269,1
geometry,80.387,1
geometry,80.391,1
geometry,80.581,1
geometry,80.866,1
geometry,81.298,1
geometry,81.548,1
geometry,82.269,1
geometry,82.354,1
geometry,82.439,1
geometry,82.618,1
geometry,83.066,1
geometry,83.227,1
geometry,83.882,1
geometry,84.233,1
geometry,84.261,1
geometry,84.289,1
geometry,84.447,1
geometry,84.628,1
geometry,84.922,1
geometry,84.935,1
geometry,85.328,1
geometry,85.415,1
geometry,85.454,1
geometry,85.529,1
geometry,85.778,1
geometry,86.018,1
geometry,86.089,1
geometry,86.1,1
geometry,86.467,1
geometry,87.148,1
geometry,87.172,1
geometry,87.318,1
geometry,88.091,1
geometry,88.297,1
geometry,88.324,1
geometry,88.426,1
geometry,88.429,1
geometry,88.867,1
geometry,88.911,1
geometry,89.307,1
geometry,89.554,1
geometry,89.646,1
geometry,89.688,1
geometry,89.781,1
geometry,89.803,1
geometry,89.985,1
geometry,90.057,1
geometry,90.149,1
geometry,90.516,1
geometry,90.766,1
geometry,91.507,1
geometry,91.822,1
geometry,91.834,1
geometry,92.203,1
geometry,92.647,1
geometry,92.665,1
geometry,93.149,1
geometry,93.2,1
geometry,93.229,1
geometry,93.272,1
geometry,93.56,1
geometry,93.844,1
geometry,93.847,1
geometry,93.873,1
geometry,94.298,1
geometry,94.795,1
geometry,94.818,1
geometry,94.86,1
geometry,94.908,1
geometry,95.059,1
geometry,95.329,1
geometry,95.723,1
geometry,96.049,1
geometry,96.059,1
geometry,96.659,1
geometry,96.724,1
geometry,96.863,1
geometry,98.136,1
geometry,98.213,1
geometry,98.343,1
geometry,98.401,1
geometry,98.613,1
geometry,98.637,1
geometry,98.956,1
geometry,99.594,1
geometry,99.617,1
geometry,99.636,1
geometry,99.867,1
geometry,100.677,1
geometry,101.388,1
geometry,101.466,1
geometry,101.95,1
geometry,102.088,1
geometry,103.04,1
geometry,103.368,1
geometry,103.589,1
geometry,103.794,1
geometry,104.155,1
geometry,105.091,1
geometry,105.35,1
geometry,105.619,1
geometry,105.896,1
geometry,105.988,1
geometry,106.797,1
geometry,106.826,1
geometry,107.054,1
geometry,107.299,1
geometry,107.314,1
geometry,107.381,1
geometry,108.059,1
geometry,108.15,1
geometry,108.42,1
geometry,108.531,1
geometry,108.644,1
geometry,108.656,1
geometry,108.99,1
geometry,109.018,1
geometry,109.09,1
geometry,109.157,1
geometry,109.482,1
geometry,109.673,1
geometry,109.992,1
geometry,110.614,1
geometry,110.639,1
geometry,110.967,1
geometry,111.367,1
geometry,111.581,1
geometry,112.237,1
geometry,113.553,1
geometry,113.702,1
geometry,114.854,1
geometry,115.062,1
geometry,115.169,1
geometry,115.293,1
geometry,115.296,1
geometry,115.45,1
geometry,115.606,1
geometry,115.639,1
geometry,116.454,1
geometry,116.613,1
geometry,116.987,1
geometry,117.805,1
geometry,117.885,1
geometry,117.914,1
geometry,118.003,1
geometry,118.676,1
geometry,120.614,1
geometry,120.654,1
geometry,120.855,1
geometry,121.689,1
geometry,121.848,1
geometry,121.905,1
geometry,122.033,1
geometry,122.392,1
geometry,123.121,1
geometry,123.481,1
geometry,123.483,1
geometry,123.541,1
geometry,124.817,1
geometry,125.166,1
geometry,126.127,1
geometry,126.469,1
geometry,126.673,1
geometry,127.207,1
geometry,127.222,1
geometry,128.231,1
geometry,128.397,1
geometry,128.499,1
geometry,129.373,1
geometry,131.715,1
geometry,132.655,1
geometry,132.902,1
geometry,133.305,1
geometry,134.985,1
geometry,135.018,1
geometry,135.029,1
geometry,135.506,1
geometry,136.322,1
geometry,136.355,1
geometry,137.323,1
geometry,137.705,1
geometry,138.053,1
geometry,138.142,1
geometry,138.906,1
geometry,141.197,1
geometry,143.622,1
geometry,143.687,1
geometry,143.826,1
geometry,143.903,1
geometry,144.097,1
geometry,144.74,1
geometry,147.179,1
geometry,147.813,1
geometry,149.255,1
geometry,156.663,1
geometry,157.846,1
geometry,158.156,1
geometry,158.263,1
geometry,158.328,1
geometry,159.683,1
geometry,159.69,1
geometry,159.697,1
geometry,159.903,1
geometry,162.293,1
geometry,163.263,1
geometry,164.852,1
geometry,165.142,1
geometry,166.555,1
geometry,166.662,1
geometry,168.247,1
geometry,169.34,1
geometry,171.577,1
geometry,172.75,1
geometry,173.645,1
geometry,173.675,1
geometry,174.427,1
geometry,174.429,1
geometry,174.572,1
geometry,175.073,1
geometry,176.398,1
geometry,177.277,1
geometry,178.619,1
geometry,178.722,1
geometry,180.132,1
geometry,180.29,1
geometry,181.63,1
geometry,182.176,1
geometry,183.48,1
geometry,183.948,1
geometry,184.233,1
geometry,184.843,1
geometry,187.07,1
geometry,187.522,1
geometry,188.252,1
geometry,189.25,1
geometry,192.261,1
geometry,192.418,1
geometry,193.932,1
geometry,195.27,1
geometry,195.562,1
geometry,197.07,1
geometry,198.64,1
geometry,200.861,1
geometry,201.146,1
geometry,202.535,1
geometry,205.401,1
geometry,205.945,1
geometry,206.445,1
geometry,208.377,1
geometry,209.971,1
geometry,210.774,1
geometry,213.38,1
geometry,215.215,1
geometry,216.305,1
geometry,218.661,1
geometry,224.419,1
geometry,228.668,1
geometry,229.255,1
geometry,232.203,1
geometry,235.27,1
geometry,236.582,1
geometry,238.146,1
geometry,239.4,1
geometry,239.774,1
geometry,240.82,1
geometry,247.157,1
geometry,247.8,1
geometry,251.147,1
geometry,252.894,1
geometry,254.841,1
geometry,255.103,1
geometry,257.795,1
geometry,260.906,1
geometry,267.91,1
geometry,278.173,1
geometry,278.655,1
geometry,283.127,1
geometry,294.36,1
geometry,303.154,1
geometry,317.855,1
geometry,319.481,1
geometry,327.843,1
geometry,356.379,1
geometry,381.865,1
geometry,381.953,1
geometry,445.98,1
geometry,523.004,1
